"USUBJID","PCTESTCD","PCDTC_PLANNED","PCDTC_ACTUAL"
"PHN-01-001","PHENO","2026-01-05T08:00","2026-01-05T08:00"
"PHN-01-001","PHENO","2026-01-05T10:00","2026-01-05T10:00"
"PHN-01-001","PHENO","2026-01-10T00:30","2026-01-10T00:30"
"PHN-01-004","PHENO","2026-01-14T08:00","2026-01-14T08:00"
"PHN-01-004","PHENO","2026-01-14T10:00","2026-01-14T09:48"
"PHN-01-004","PHENO","2026-01-16T19:30","2026-01-16T19:18"
"PHN-01-004","PHENO","2026-01-19T19:00","2026-01-19T18:48"
"PHN-01-007","PHENO","2026-01-23T08:00","2026-01-23T08:00"
"PHN-01-007","PHENO","2026-01-23T10:00","2026-01-23T10:00"
"PHN-01-007","PHENO","2026-01-26T10:00","2026-01-26T09:48"
"PHN-01-007","PHENO","2026-01-30T05:30","2026-01-30T05:18"
"PHN-01-010","PHENO","2026-02-01T08:00","2026-02-01T08:00"
"PHN-01-010","PHENO","2026-02-01T09:00","2026-02-01T09:12"
"PHN-01-010","PHENO","2026-02-04T06:30","2026-02-04T06:42"
"PHN-01-010","PHENO","2026-02-07T06:00","2026-02-07T06:12"
"PHN-01-013","PHENO","2026-02-10T08:00","2026-02-10T08:00"
"PHN-01-013","PHENO","2026-02-11T20:30","2026-02-11T20:30"
"PHN-01-013","PHENO","2026-02-17T09:00","2026-02-17T09:00"
"PHN-01-016","PHENO","2026-02-19T08:00","2026-02-19T08:00"
"PHN-01-016","PHENO","2026-02-19T20:00","2026-02-19T20:00"
"PHN-01-016","PHENO","2026-02-21T16:00","2026-02-21T16:00"
"PHN-01-016","PHENO","2026-02-25T17:30","2026-02-25T17:30"
"PHN-01-019","PHENO","2026-02-28T08:00","2026-02-28T08:00"
"PHN-01-019","PHENO","2026-02-28T17:30","2026-02-28T17:30"
"PHN-01-019","PHENO","2026-03-03T19:30","2026-03-03T19:30"
"PHN-01-019","PHENO","2026-03-06T22:00","2026-03-06T22:00"
"PHN-01-022","PHENO","2026-03-09T08:00","2026-03-09T08:00"
"PHN-01-022","PHENO","2026-03-09T14:00","2026-03-09T14:00"
"PHN-01-022","PHENO","2026-03-11T11:00","2026-03-11T11:00"
"PHN-01-025","PHENO","2026-03-18T08:00","2026-03-18T08:00"
"PHN-01-025","PHENO","2026-03-18T10:00","2026-03-18T10:00"
"PHN-01-025","PHENO","2026-03-19T05:00","2026-03-19T05:00"
"PHN-01-025","PHENO","2026-03-20T21:30","2026-03-20T21:30"
"PHN-01-025","PHENO","2026-03-22T02:30","2026-03-22T02:30"
"PHN-01-025","PHENO","2026-03-23T09:30","2026-03-23T09:30"
"PHN-01-025","PHENO","2026-03-24T02:00","2026-03-24T02:00"
"PHN-01-028","PHENO","2026-03-27T08:00","2026-03-27T08:00"
"PHN-01-028","PHENO","2026-03-27T10:00","2026-03-27T10:00"
"PHN-01-031","PHENO","2026-04-05T08:00","2026-04-05T08:00"
"PHN-01-031","PHENO","2026-04-05T09:00","2026-04-05T09:00"
"PHN-01-034","PHENO","2026-04-14T08:00","2026-04-14T08:00"
"PHN-01-034","PHENO","2026-04-14T10:00","2026-04-14T09:48"
"PHN-01-034","PHENO","2026-04-17T23:00","2026-04-17T22:48"
"PHN-01-037","PHENO","2026-04-23T08:00","2026-04-23T08:00"
"PHN-01-037","PHENO","2026-04-23T10:30","2026-04-23T10:18"
"PHN-01-037","PHENO","2026-04-30T00:00","2026-04-29T23:48"
"PHN-01-040","PHENO","2026-05-02T08:00","2026-05-02T08:00"
"PHN-01-040","PHENO","2026-05-02T09:00","2026-05-02T09:00"
"PHN-01-040","PHENO","2026-05-02T12:00","2026-05-02T12:00"
"PHN-01-043","PHENO","2026-05-11T08:00","2026-05-11T08:00"
"PHN-01-043","PHENO","2026-05-11T10:00","2026-05-11T10:00"
"PHN-01-046","PHENO","2026-05-20T08:00","2026-05-20T08:00"
"PHN-01-046","PHENO","2026-05-20T10:00","2026-05-20T10:00"
"PHN-01-049","PHENO","2026-05-29T08:00","2026-05-29T08:00"
"PHN-01-049","PHENO","2026-05-29T10:00","2026-05-29T10:00"
"PHN-01-049","PHENO","2026-06-01T10:00","2026-06-01T10:00"
"PHN-01-049","PHENO","2026-06-04T14:00","2026-06-04T14:00"
"PHN-01-052","PHENO","2026-06-07T08:00","2026-06-07T08:00"
"PHN-01-052","PHENO","2026-06-07T10:00","2026-06-07T10:00"
"PHN-01-052","PHENO","2026-06-10T19:00","2026-06-10T19:00"
"PHN-01-052","PHENO","2026-06-13T19:00","2026-06-13T19:00"
"PHN-01-055","PHENO","2026-06-16T08:00","2026-06-16T08:00"
"PHN-01-055","PHENO","2026-06-19T10:00","2026-06-19T10:00"
"PHN-01-058","PHENO","2026-06-25T08:00","2026-06-25T08:00"
"PHN-01-058","PHENO","2026-06-25T16:30","2026-06-25T16:30"
"PHN-01-058","PHENO","2026-06-27T07:30","2026-06-27T07:30"
"PHN-01-058","PHENO","2026-06-30T20:00","2026-06-30T19:48"
"PHN-02-002","PHENO","2026-01-08T08:00","2026-01-08T08:00"
"PHN-02-002","PHENO","2026-01-08T10:00","2026-01-08T10:00"
"PHN-02-002","PHENO","2026-01-10T23:30","2026-01-10T23:30"
"PHN-02-002","PHENO","2026-01-13T23:30","2026-01-13T23:30"
"PHN-02-005","PHENO","2026-01-17T08:00","2026-01-17T08:00"
"PHN-02-005","PHENO","2026-01-17T10:00","2026-01-17T10:00"
"PHN-02-005","PHENO","2026-01-19T19:30","2026-01-19T19:30"
"PHN-02-005","PHENO","2026-01-22T20:00","2026-01-22T20:00"
"PHN-02-008","PHENO","2026-01-26T08:00","2026-01-26T08:00"
"PHN-02-008","PHENO","2026-01-26T09:30","2026-01-26T09:42"
"PHN-02-008","PHENO","2026-01-29T09:30","2026-01-29T09:42"
"PHN-02-008","PHENO","2026-02-01T10:30","2026-02-01T10:42"
"PHN-02-011","PHENO","2026-02-04T08:00","2026-02-04T08:00"
"PHN-02-011","PHENO","2026-02-06T17:30","2026-02-06T17:30"
"PHN-02-014","PHENO","2026-02-13T08:00","2026-02-13T08:00"
"PHN-02-014","PHENO","2026-02-13T10:30","2026-02-13T10:18"
"PHN-02-014","PHENO","2026-02-15T19:30","2026-02-15T19:18"
"PHN-02-014","PHENO","2026-02-18T19:30","2026-02-18T19:30"
"PHN-02-014","PHENO","2026-02-25T23:30","2026-02-25T23:18"
"PHN-02-017","PHENO","2026-02-22T08:00","2026-02-22T08:00"
"PHN-02-017","PHENO","2026-02-23T16:00","2026-02-23T16:00"
"PHN-02-017","PHENO","2026-02-25T08:00","2026-02-25T08:00"
"PHN-02-017","PHENO","2026-02-28T19:00","2026-02-28T19:00"
"PHN-02-020","PHENO","2026-03-03T08:00","2026-03-03T08:00"
"PHN-02-020","PHENO","2026-03-03T10:00","2026-03-03T10:00"
"PHN-02-020","PHENO","2026-03-05T22:30","2026-03-05T22:30"
"PHN-02-020","PHENO","2026-03-08T22:00","2026-03-08T22:00"
"PHN-02-023","PHENO","2026-03-12T08:00","2026-03-12T08:00"
"PHN-02-023","PHENO","2026-03-12T19:00","2026-03-12T19:00"
"PHN-02-023","PHENO","2026-03-15T06:30","2026-03-15T06:30"
"PHN-02-023","PHENO","2026-03-18T04:00","2026-03-18T04:00"
"PHN-02-026","PHENO","2026-03-21T08:00","2026-03-21T08:00"
"PHN-02-026","PHENO","2026-03-22T21:30","2026-03-22T21:30"
"PHN-02-026","PHENO","2026-03-25T22:30","2026-03-25T22:30"
"PHN-02-029","PHENO","2026-03-30T08:00","2026-03-30T08:00"
"PHN-02-029","PHENO","2026-04-01T07:30","2026-04-01T07:30"
"PHN-02-032","PHENO","2026-04-08T08:00","2026-04-08T08:00"
"PHN-02-032","PHENO","2026-04-08T14:30","2026-04-08T14:30"
"PHN-02-032","PHENO","2026-04-09T08:00","2026-04-09T08:00"
"PHN-02-032","PHENO","2026-04-11T19:30","2026-04-11T19:30"
"PHN-02-035","PHENO","2026-04-17T08:00","2026-04-17T08:00"
"PHN-02-035","PHENO","2026-04-18T03:00","2026-04-18T03:00"
"PHN-02-035","PHENO","2026-04-21T11:00","2026-04-21T11:00"
"PHN-02-038","PHENO","2026-04-26T08:00","2026-04-26T08:00"
"PHN-02-038","PHENO","2026-04-26T10:00","2026-04-26T09:48"
"PHN-02-038","PHENO","2026-05-01T07:00","2026-05-01T06:48"
"PHN-02-038","PHENO","2026-05-03T23:30","2026-05-03T23:18"
"PHN-02-038","PHENO","2026-05-09T06:30","2026-05-09T06:18"
"PHN-02-041","PHENO","2026-05-05T08:00","2026-05-05T08:00"
"PHN-02-041","PHENO","2026-05-05T10:00","2026-05-05T10:00"
"PHN-02-041","PHENO","2026-05-06T20:00","2026-05-06T20:00"
"PHN-02-041","PHENO","2026-05-07T19:00","2026-05-07T19:00"
"PHN-02-044","PHENO","2026-05-14T08:00","2026-05-14T08:00"
"PHN-02-044","PHENO","2026-05-14T19:00","2026-05-14T19:00"
"PHN-02-044","PHENO","2026-05-19T13:00","2026-05-19T13:00"
"PHN-02-044","PHENO","2026-05-26T12:00","2026-05-26T12:00"
"PHN-02-047","PHENO","2026-05-23T08:00","2026-05-23T08:00"
"PHN-02-047","PHENO","2026-05-24T22:30","2026-05-24T22:18"
"PHN-02-050","PHENO","2026-06-01T08:00","2026-06-01T08:00"
"PHN-02-050","PHENO","2026-06-01T11:00","2026-06-01T11:00"
"PHN-02-050","PHENO","2026-06-04T17:00","2026-06-04T17:00"
"PHN-02-050","PHENO","2026-06-05T01:00","2026-06-05T01:00"
"PHN-02-050","PHENO","2026-06-08T02:00","2026-06-08T02:00"
"PHN-02-053","PHENO","2026-06-10T08:00","2026-06-10T08:00"
"PHN-02-053","PHENO","2026-06-10T14:00","2026-06-10T14:00"
"PHN-02-053","PHENO","2026-06-12T07:00","2026-06-12T07:00"
"PHN-02-056","PHENO","2026-06-19T08:00","2026-06-19T08:00"
"PHN-02-056","PHENO","2026-06-20T04:00","2026-06-20T04:00"
"PHN-02-059","PHENO","2026-06-28T08:00","2026-06-28T08:00"
"PHN-02-059","PHENO","2026-06-28T10:00","2026-06-28T09:48"
"PHN-02-059","PHENO","2026-07-01T10:00","2026-07-01T09:48"
"PHN-02-059","PHENO","2026-07-04T11:00","2026-07-04T10:48"
"PHN-03-003","PHENO","2026-01-11T08:00","2026-01-11T08:00"
"PHN-03-003","PHENO","2026-01-11T09:30","2026-01-11T09:30"
"PHN-03-003","PHENO","2026-01-14T19:30","2026-01-14T19:30"
"PHN-03-003","PHENO","2026-01-16T22:30","2026-01-16T22:18"
"PHN-03-006","PHENO","2026-01-20T08:00","2026-01-20T08:00"
"PHN-03-006","PHENO","2026-01-20T10:00","2026-01-20T09:48"
"PHN-03-006","PHENO","2026-01-22T19:30","2026-01-22T19:18"
"PHN-03-006","PHENO","2026-01-26T07:00","2026-01-26T06:48"
"PHN-03-009","PHENO","2026-01-29T08:00","2026-01-29T08:00"
"PHN-03-009","PHENO","2026-01-29T09:00","2026-01-29T09:06"
"PHN-03-009","PHENO","2026-02-01T18:30","2026-02-01T18:42"
"PHN-03-009","PHENO","2026-02-04T06:00","2026-02-04T06:06"
"PHN-03-009","PHENO","2026-02-11T08:30","2026-02-11T08:36"
"PHN-03-012","PHENO","2026-02-07T08:00","2026-02-07T08:00"
"PHN-03-012","PHENO","2026-02-07T10:00","2026-02-07T10:00"
"PHN-03-012","PHENO","2026-02-12T20:00","2026-02-12T20:12"
"PHN-03-012","PHENO","2026-02-19T22:30","2026-02-19T22:30"
"PHN-03-015","PHENO","2026-02-16T08:00","2026-02-16T08:00"
"PHN-03-015","PHENO","2026-02-17T06:00","2026-02-17T06:12"
"PHN-03-015","PHENO","2026-02-22T09:30","2026-02-22T09:42"
"PHN-03-018","PHENO","2026-02-25T08:00","2026-02-25T08:00"
"PHN-03-018","PHENO","2026-02-25T11:00","2026-02-25T10:48"
"PHN-03-018","PHENO","2026-02-28T07:30","2026-02-28T07:18"
"PHN-03-018","PHENO","2026-03-03T08:00","2026-03-03T07:48"
"PHN-03-018","PHENO","2026-03-13T14:00","2026-03-13T13:48"
"PHN-03-021","PHENO","2026-03-06T08:00","2026-03-06T08:00"
"PHN-03-021","PHENO","2026-03-06T16:30","2026-03-06T16:18"
"PHN-03-021","PHENO","2026-03-11T00:30","2026-03-11T00:18"
"PHN-03-021","PHENO","2026-03-17T04:30","2026-03-17T04:36"
"PHN-03-024","PHENO","2026-03-15T08:00","2026-03-15T08:00"
"PHN-03-024","PHENO","2026-03-15T10:00","2026-03-15T10:00"
"PHN-03-024","PHENO","2026-03-18T15:00","2026-03-18T15:00"
"PHN-03-024","PHENO","2026-03-22T16:00","2026-03-22T16:00"
"PHN-03-027","PHENO","2026-03-24T08:00","2026-03-24T08:00"
"PHN-03-027","PHENO","2026-03-24T09:30","2026-03-24T09:42"
"PHN-03-027","PHENO","2026-03-27T19:00","2026-03-27T19:12"
"PHN-03-030","PHENO","2026-04-02T08:00","2026-04-02T08:00"
"PHN-03-030","PHENO","2026-04-02T14:30","2026-04-02T14:18"
"PHN-03-030","PHENO","2026-04-11T18:30","2026-04-11T18:18"
"PHN-03-033","PHENO","2026-04-11T08:00","2026-04-11T08:00"
"PHN-03-033","PHENO","2026-04-11T13:30","2026-04-11T13:30"
"PHN-03-033","PHENO","2026-04-14T01:00","2026-04-14T01:00"
"PHN-03-036","PHENO","2026-04-20T08:00","2026-04-20T08:00"
"PHN-03-036","PHENO","2026-04-20T10:00","2026-04-20T10:00"
"PHN-03-036","PHENO","2026-04-25T22:00","2026-04-25T22:00"
"PHN-03-036","PHENO","2026-05-03T00:00","2026-05-03T00:00"
"PHN-03-039","PHENO","2026-04-29T08:00","2026-04-29T08:00"
"PHN-03-039","PHENO","2026-04-29T09:30","2026-04-29T09:24"
"PHN-03-039","PHENO","2026-05-03T22:30","2026-05-03T22:24"
"PHN-03-039","PHENO","2026-05-10T04:30","2026-05-10T04:24"
"PHN-03-042","PHENO","2026-05-08T08:00","2026-05-08T08:00"
"PHN-03-042","PHENO","2026-05-08T22:00","2026-05-08T22:00"
"PHN-03-042","PHENO","2026-05-12T07:30","2026-05-12T07:30"
"PHN-03-045","PHENO","2026-05-17T08:00","2026-05-17T08:00"
"PHN-03-045","PHENO","2026-05-17T12:30","2026-05-17T12:30"
"PHN-03-045","PHENO","2026-05-19T08:30","2026-05-19T08:18"
"PHN-03-045","PHENO","2026-05-21T18:30","2026-05-21T18:30"
"PHN-03-048","PHENO","2026-05-26T08:00","2026-05-26T08:00"
"PHN-03-048","PHENO","2026-05-26T11:00","2026-05-26T10:48"
"PHN-03-048","PHENO","2026-05-29T02:00","2026-05-29T01:48"
"PHN-03-048","PHENO","2026-05-29T21:00","2026-05-29T20:48"
"PHN-03-048","PHENO","2026-05-31T00:30","2026-05-31T00:18"
"PHN-03-048","PHENO","2026-06-01T02:00","2026-06-01T01:54"
"PHN-03-051","PHENO","2026-06-04T08:00","2026-06-04T08:00"
"PHN-03-051","PHENO","2026-06-04T11:00","2026-06-04T11:00"
"PHN-03-051","PHENO","2026-06-06T20:00","2026-06-06T20:00"
"PHN-03-051","PHENO","2026-06-09T20:00","2026-06-09T20:00"
"PHN-03-054","PHENO","2026-06-13T08:00","2026-06-13T08:00"
"PHN-03-054","PHENO","2026-06-13T17:30","2026-06-13T17:42"
"PHN-03-054","PHENO","2026-06-14T13:30","2026-06-14T13:42"
"PHN-03-054","PHENO","2026-06-15T23:00","2026-06-15T23:12"
"PHN-03-054","PHENO","2026-06-17T23:30","2026-06-17T23:18"
"PHN-03-057","PHENO","2026-06-22T08:00","2026-06-22T08:00"
"PHN-03-057","PHENO","2026-06-22T09:30","2026-06-22T09:42"
"PHN-03-057","PHENO","2026-06-26T21:00","2026-06-26T21:00"
