T1,T2,T3,T4,T5,T6,O11,O21,O22,OFV,LOGG,W,PICK
0.00778175511741915,1.45491277168459,2.21464113138115,0.0689120874913569,0.870239451770968,0.897121324338214,0.0880242393728725,0.0372216635820885,0.0193753363234661,592.371290406041,-3.00894139255947,0.00104146920043161,0
0.00819358587495451,1.4777102686111,0.828847400969274,0.138422928903882,0.831835114870671,1.05812875855437,0.0238370961918321,0.00369218097365543,0.023888592850265,611.198266867537,-4.47937800358913,3.69847717728055e-07,0
0.00679186823996804,1.4345739992983,1.72334564814573,0.0699942119425285,0.906923528714911,0.634191004202426,0.0219722400084906,0.020876283906784,0.0216954524294752,618.968943740955,-5.12537277650319,1.44941871582953e-08,0
0.00696101056477515,1.56220869699385,2.06568126321022,0.104977622130391,1.35109744564083,0.969720320086832,0.0399138957295813,0.029854335447161,0.031638860969209,597.375344543244,-5.34120782786757,0.000878861266924312,1
0.00753793161254047,1.46101558024764,1.78011484033285,0.0764444216509431,0.954212312529594,1.03082442459677,0.0543157598027523,0.0302273853732288,0.0386053307551551,593.308837085852,-5.1616248964976,0.00560995429811189,0
0.00730187136964244,1.45858094124912,2.34773549969126,0.0587855255022985,1.24371626271675,0.948409616634332,0.0407749856138079,0.0257083575116684,0.020533891530186,583.909455134095,-0.744060116538253,0.0074384966772328,1
0.0074336056573764,1.49043066911828,1.53071132145724,0.0930910136542661,1.08328420996922,0.91793382242108,0.0349329134674092,0.013511692609814,0.0311922035040942,585.241919881456,-1.77381065606168,0.0106993921854799,1
0.00776270723623535,1.52987362362419,0.552512790762137,0.153078804813717,1.22026610575411,0.881806176848181,0.017678918741287,0.00909446718889619,0.0193262518351235,604.398439350891,-6.94232777152636,0.000130086497487747,0
0.00809358357594446,1.50233105315069,2.23596147825003,0.098781043935935,1.22446713586887,1.13401146884891,0.0852724493195412,0.0447200896779003,0.0235988065916533,603.911357777414,-6.39146777195908,9.56676668255871e-05,0
0.00686998502896789,1.44622179485749,2.99644110324647,0.0437798779801074,1.01088701601476,0.680392042227887,0.0416669120495547,0.0218027747294674,0.0182147392410068,602.293244856293,-2.97206105278975,7.03241463770703e-06,0
0.00696334145689696,1.38225660339243,1.0265758656851,0.120761677894973,0.876777726434739,0.970679489627283,0.0347982637934697,0.0126251863703615,0.0256923415693143,601.786257589272,-4.25393465619153,3.26517143084641e-05,0
0.00763619013364154,1.48243577663967,0.94600513735662,0.128568856203401,0.917094821503919,0.955717359201737,0.0450403715889858,0.0281866084248853,0.0201226825202689,591.463333191779,-2.43704963764683,0.000925629956867579,0
0.00761426139000308,1.46283353548118,1.16493335715716,0.116839909215099,1.01940073021866,0.934262482464911,0.0481640174612196,0.0164431164250967,0.0211558543101105,589.656823918521,-1.50805524750767,0.000902108486989808,0
0.0072874092132493,1.45894869268603,1.19142330804629,0.124110052818159,1.0902091250852,0.802201811671757,0.0314534141322768,0.0169193687423418,0.0158030747831915,594.254731536715,-4.31543488888396,0.00149991035044488,0
0.0071112773278659,1.46036421167953,1.35759527789178,0.0984748848749673,1.12305846527357,0.876853369642103,0.0175125093299835,0.0143760813231105,0.0431465709536673,591.40434210257,-3.5747295316361,0.00297396089732803,0
0.0078170900346067,1.53658693556329,0.359290510540115,0.138499994715407,1.10155920125735,1.02727665999495,0.0430182492263129,0.0152782019976553,0.0311393964069602,597.759667054464,-2.20024975191807,3.13592011960726e-05,0
0.00631111198419141,1.51091824769669,2.02489191677653,0.063363714207873,1.49560754863915,0.885350002240661,0.00149092746972618,0.00487555457560006,0.0266130618584329,642.358247317243,-6.31540303083732,3.97278166878787e-13,0
0.0077896946993517,1.5288042545653,1.76066735205193,0.0803722883272966,1.21916841915501,1.1621394275864,0.015417531451449,0.00890204845170014,0.0315784402076759,606.05332239059,-6.73859928916799,4.63874798629199e-05,0
0.00680640972078865,1.47722906562005,1.57427054269424,0.0594934396431531,1.12796488141596,0.880180753150836,0.0684835628593455,0.0444113337389394,0.0331734848814273,599.57608045983,-3.82392428323803,6.41340581830859e-05,0
0.00710588686514144,1.36668735205343,0.0981852626410566,0.122070687976576,0.612843729014377,0.960133010235784,0.0439739111238947,0.0220767499863723,0.0267497403459827,613.579351129444,-7.35556632951085,1.99567484875961e-06,0
0.007720674039827,1.51287938129064,1.23948365873895,0.115172453799557,1.00976588263958,1.07192924990686,0.0486409125166713,0.0238103663765574,0.0188225621639379,592.647036865648,-1.90387140585596,0.000300499013599631,0
0.00714614977194405,1.43041182922731,2.06546222356753,0.0907669965594019,1.0899504809453,0.844441284530988,0.0391053717061978,0.0212154007380166,0.0352355141973768,590.504471439917,-3.68837394173775,0.00522510263753197,0
0.0070121939159814,1.53842473247547,3.07962561312143,0.0340947837737322,1.66979259000619,0.926424266305051,0.0311180853125356,0.0290463737402236,0.0300953023244447,609.416869184202,-4.24526934809964,7.13142694827704e-07,0
0.00725704383279632,1.50628609437794,2.30744414135915,0.069840011158706,1.2220022472737,0.835281748555034,0.0548741134494224,0.0327579581530072,0.0209928830751437,584.938233413452,-0.780911674189564,0.00461416623220694,0
0.00757686146752062,1.43912161483002,0.54083967284228,0.157561468871258,0.944119545885535,1.05381158720893,0.0263380344665029,0.0201762147875147,0.035704291683055,610.314907710519,-5.54999807831994,1.67805556524368e-06,0
0.00769632002686226,1.47036311094161,3.26965727411414,0.0487712939348162,1.03387218463017,0.803429245511002,0.0804965009912625,0.0447188974361752,0.0251920299075457,598.842297244229,-4.10298601779503,0.000122355273912477,0
0.00762947354380226,1.45695427096632,1.84830122994293,0.0875243576392904,1.08846605835597,0.921668784216489,0.00828784251714184,0.0112033460182678,0.0224747590637543,594.14577731273,-1.52539208057954,9.72801463485707e-05,0
0.00774327495115703,1.53679005495206,1.00888145882927,0.122996231559907,1.12034025343292,0.932088048601924,0.0377773474351309,0.0234107650881894,0.0442468616682985,594.735280574126,-2.45760097230295,0.000184021423638199,0
0.00685753709289477,1.41769891588483,1.59134102616859,0.0909321600291579,0.934881405369765,0.987353367873242,0.0936236325646799,0.0422315419044298,0.0311836508126282,595.117057873462,-6.55448408695444,0.00914576901532089,6
0.00677871482492802,1.45179243229653,1.13538343698726,0.0910884799686688,1.24846110842089,0.831017356742002,0.0131727025763358,0.0170171569026862,0.0335496085604586,608.251358506539,-3.14618814328852,4.2553860285381e-07,0
0.00773983387807653,1.53263024637746,2.75188666784878,0.0632645844909129,1.0994575285423,0.864637496092868,0.0789726377894149,0.0405731419612621,0.022891982152194,590.228907716174,-1.89568191597978,0.000998565307475104,0
0.00689258329825581,1.48313240624186,3.21235134415749,0.0587326586353172,1.33498779321321,0.787452516892948,0.0575581171191191,0.030543195741908,0.0163394559012784,598.354270782553,-3.49473315110865,8.50032302100672e-05,0
0.00721693990388045,1.46396602072636,2.71127472118558,0.0647312503372418,1.14914695084072,0.835812276976354,0.0592725624290729,0.0165807770449164,0.0142304918386851,590.745973086841,-2.89478438637877,0.00209412135068054,0
0.00785322539460141,1.49633175210076,1.02044403453805,0.125231786678585,0.997822061527562,1.01659283575751,0.0367688960687594,0.00873915862137242,0.0226266298843135,595.642076560194,-2.32087133020131,0.000101995077112048,0
0.00759948798704835,1.51740924454862,1.29301516520315,0.110923991721625,1.20682749961425,1.0359893489728,0.0570959856669205,0.0240907347483256,0.0260845961766368,589.269787908728,-1.4493220851271,0.00103227422141585,0
0.00671098080857293,1.44012831862488,1.90730485553117,0.0718347433569867,1.09096647401526,0.917076060657765,0.0620269312760752,0.0312336997802739,0.019136369823222,586.712340021836,-1.66908427985073,0.00461933376672583,1
0.00702438349944716,1.43275529867119,1.94418653057884,0.0866262576687364,1.36338839236027,0.846005819986218,0.00785974407363844,0.00484144417030931,0.0312945626802575,603.391977757653,-4.85967831261006,2.68101603227638e-05,0
0.00739388649167778,1.42054790336737,2.38006059720004,0.0778024974883325,0.977315769686825,0.845041839943709,0.0276601990279208,0.0226538146560485,0.0243600157313273,590.021888752459,-2.23995433856752,0.00156259231387547,0
0.00725064579201479,1.53425387220655,2.20995211829193,0.0647363338611287,1.37832048998014,0.951639816742674,0.0314428597369681,0.023939799798715,0.0264509388409753,588.624305665019,-1.11207121347464,0.001017404320891,0
0.00741085035811273,1.5031142551978,1.84680360663184,0.106797504534724,1.11577099875033,0.911681575291792,0.0501976823054777,0.0320188431865891,0.0276272803953996,587.652443991887,-1.58286426117794,0.00264846038577439,2
0.00771152658590536,1.49169585702623,2.45836001556349,0.079036293039615,0.850371345260538,0.862002507694044,0.038800035249412,0.0137880804883707,0.0128055554513365,597.734268650074,-3.78082453259988,0.000154281939717597,0
0.00750903807186848,1.50890287523915,0.114153018019234,0.1580373283126,0.762734343072737,0.89113161443342,0.0402889322247575,0.0119563900235449,0.0313803567969771,610.093406649772,-3.71008917189828,2.9774357348293e-07,0
0.0067057297284709,1.47347636492662,2.47138750214999,0.0543299349667558,1.26055773450653,0.95569865522814,0.0559067446015937,0.0151445171666809,0.0104029253672407,595.251151729121,-3.89683220374231,0.000599651010957962,1
0.00716127086431141,1.4353081087671,2.50076290150022,0.0427394557902621,1.31832304751534,1.01549415610297,0.0477825395215149,0.0258792419496331,0.0217621753533395,591.061776496127,-2.57890724283491,0.00130389405520717,0
0.00693732904298469,1.38092726499448,1.50564549487077,0.0743283318592741,0.77488645258916,0.951761877101101,0.0470524574628432,0.00376743045136764,0.00695624790491618,649.484158117368,-6.45708000869859,1.29793325088858e-14,0
0.00669588415031792,1.41177743009525,1.46495847374848,0.099211617736414,1.15246429391936,0.852534269932899,0.0170036834625797,0.0170254371471979,0.0191631174657098,601.378324657216,-3.76187667490018,2.44787610264733e-05,0
0.00749973988697135,1.49396891440549,0.990808870756503,0.096635954926229,1.18985322668582,0.945039562257288,0.0177925747311864,0.0123717335695871,0.030547586411435,589.605900299784,-1.66599812598214,0.00108370334166854,0
0.00769771867578787,1.46100052222268,0.802993987511181,0.129328638902808,1.06419025459212,0.931948180990085,0.0140949787346818,0.00555295973602731,0.0234562991190186,595.733851151257,-2.37185166043447,0.000102515866653015,0
0.00791670448670025,1.50691888092926,0.745098775996712,0.107517944130047,0.883307992931491,1.03510444250385,0.0559435683546746,0.0236377840544777,0.0245788039649504,595.553441101042,-2.81095828052556,0.00017404767020922,0
0.00762154380462777,1.52486629327293,0.80518909904009,0.124259940315955,0.941899591262864,0.944032180002282,0.0642493477023607,0.0239316350544131,0.0212643386642146,591.092062212779,-2.07520947341353,0.000776091065255597,0
0.00735109186828526,1.56300499343487,1.84572599176889,0.0964263496522074,1.49570371695683,0.88997604308194,0.0218111287318022,0.0287316163050283,0.045989094223211,607.2800516896,-4.61568414593003,3.00641939092305e-06,0
0.00791114802116921,1.59086551575591,1.39759415961659,0.0912383509788996,1.13456181431587,0.986145482095252,0.0616935778373143,0.0304530835579718,0.035345224952215,591.786943605026,-3.52613762196741,0.0023396516221897,0
0.0070577257169948,1.43377851786622,1.76419116665792,0.0776317343049966,1.15901073907991,0.958835149315844,0.0485972279166247,0.0163065466014573,0.0275353943596607,587.4376680754,-2.77910245208638,0.00975328970568077,1
0.00723583281006963,1.43301752582561,1.64151035982389,0.0965914049518053,1.11252678652753,0.965235154423301,0.0122967932183813,0.0148613280299411,0.0364261433108048,593.054647788503,-3.34411882298849,0.00103472029949587,1
0.00713117023785515,1.33496377631109,1.32100267067957,0.0879072486014642,0.901280247230825,0.885484304674968,0.0568788470739628,0.0169886667804089,0.0205824663684804,612.020726320378,-6.50691231941894,1.8619804095964e-06,0
0.00748516494483712,1.52368085942732,2.2641873054063,0.0946452531628479,1.25252290822613,0.908051376476267,0.0358351117234746,0.0325064606151024,0.0315183825488797,590.478757531212,-2.37578903148977,0.00142439403589021,0
0.00720325876750196,1.50115202927807,0.432885558027033,0.106588949467819,1.14349456724759,1.12543530136175,0.0569199427328772,0.0294921382897225,0.025349866657055,594.534589755958,-3.62250773839781,0.00065216940958387,0
0.00755552607425796,1.55879700755688,1.57435573128941,0.115256416717155,1.08188005464937,0.889258240198085,0.0288558746536999,0.0254386585997797,0.037733236916805,593.82789056643,-2.50551388013606,0.000303888268290311,0
0.0074834174818511,1.49885269399529,1.87667064542632,0.0662134251184769,1.43030559099595,1.09134581698485,0.0457219749632464,0.0170763698649009,0.0146393029344254,604.013368446538,-3.84101736807306,7.0952435939757e-06,0
0.00718987061438867,1.41047025255235,1.75217037158451,0.0786003528408454,1.38800996874201,0.981570804381889,0.0487280695324826,0.0230229049697362,0.0404621130808491,595.26611590512,-8.32661838321435,0.0499437139376021,13
0.00771109194008363,1.55586651030514,1.3410826394681,0.11777454806585,1.34391325556544,1.02915486870498,0.02904654501574,0.0183163719660736,0.0290394639388659,595.732859943754,-2.51629808441416,0.000118505528197776,0
0.00730547943134599,1.54744673848944,1.72983018313993,0.0924500195837869,1.2785531896845,0.87361467824491,0.0307682551099826,0.026714089500706,0.0460367580685706,592.837533976474,-3.3052200220122,0.00110936663481054,1
0.00641811959264356,1.41943085260248,2.33769766651663,0.0184366821408764,1.23365803930688,0.823996830042094,0.0263346555857695,0.0216566157518295,0.0244030121784128,607.495599570875,-4.8410131225433,3.38145075719988e-06,0
0.00695786614072811,1.49347714032278,1.48449700807968,0.100716063233215,0.781596096991376,0.952797052005806,0.0387615988896128,0.0303202143836126,0.0257131094421326,591.62471533059,-5.45419225505997,0.0174470540001652,2
0.00724437314355559,1.54034584148398,3.45446505529183,0.0138292977072073,1.35190992884263,0.924218208986652,0.0922892940562677,0.0443982770616136,0.0307050019338048,602.336386200595,-5.48567904807227,8.49937263553531e-05,0
0.00761763860564279,1.48921650437156,0.663758903527384,0.114424747910394,1.16203437189869,0.98228904493445,0.0582371526922587,0.0321757977305195,0.0329386115134698,588.108404115989,-2.73852630959719,0.00669700539845715,0
0.00869176993814942,1.48012337407734,2.2724846158813,0.0580509378779053,0.816911999369421,0.930885802631106,0.0368798248858981,0.0327955631176095,0.030932319545157,621.80307910244,-10.6004271636783,8.38600465516457e-07,0
0.00747845744382181,1.46170814741995,0.128940474860888,0.162237934225951,0.512882960495648,0.825945094120351,0.0389808710858914,0.00397551569054964,0.0141439374374383,629.459709312608,-7.14352065469935,5.74941361023055e-10,0
0.0082623893313612,1.43751062134815,1.46267315143759,0.0792787070508896,1.13218394206663,1.01756482050489,0.0332724940809006,0.0185716481990472,0.0134829042578571,610.009672001232,-6.84878022534074,7.16376530356699e-06,0
0.00747287944042142,1.44504322895986,0.95607837057987,0.117439383814913,0.624202656921018,0.839508173183795,0.0491855117005377,0.0238888817267019,0.0238774564331381,603.717352839906,-3.72868755503901,7.35295764889982e-06,0
0.00809781578818897,1.52485892863718,0.548627223514454,0.143476629389889,0.861931338367575,0.9778810437168,0.0409341393789854,0.0216721949640829,0.0457278838070039,609.934251073459,-4.47797600769463,6.94850870941194e-07,0
0.00741703476011504,1.55707247054243,2.97009449201942,0.069198341320529,1.48697219624651,0.935588665071205,0.0173421689745964,0.00880407914875954,0.0256092086450524,605.775387055611,-6.50909822960043,4.23723573444257e-05,0
0.00685218062219018,1.53263163982995,1.51665445505205,0.0970164633215955,1.45551440187572,0.914312612789177,0.0126781253636183,0.02009677076957,0.0343145317248928,611.487941732397,-3.4886889422445,1.18814666350276e-07,0
0.0072950683721924,1.404420945265,0.780929334565702,0.100635915357616,1.00528718591563,0.928870132399538,0.0176294920637718,-0.00133361120049642,0.0188510142422442,608.531627504918,-4.18883933474411,1.04929350014308e-06,0
0.00722343624797812,1.5385550456177,2.10687472688831,0.0626832742195753,1.14644393835778,0.732526350095295,0.00297116581425685,0.0096121150217949,0.0360495342649329,609.845440635129,-6.76888562864311,7.17969432824629e-06,0
0.0066538116061028,1.41443777009778,2.57319294094421,0.0760999489684756,0.982387643652671,0.702978335989671,0.0327127088367737,0.00509509533097622,0.0131002410083912,620.127153963617,-4.76910043440497,5.6880656255944e-09,0
0.00667969118764753,1.4068996630817,1.13332041830083,0.0891275670827072,0.995385315322805,0.867902269753661,0.038961115926915,0.0175905763315828,0.0210885450557304,595.899272409361,-2.52610964492893,0.000110119367734785,0
0.00758253863471462,1.45276124380671,1.43362938791066,0.0940158440251939,1.0483537640385,1.00836643492267,0.0190741434450385,0.0099840774972553,0.0111986669613778,600.68215994696,-2.35189329750683,8.46470209522418e-06,0
0.00680438129305082,1.47744986010201,2.15122613127714,0.0392264909181197,1.43650774966401,0.901728324412753,0.0102789395755496,0.0129094235582185,0.0228213462538203,615.606612149693,-3.3339037664156,1.29804511625649e-08,0
0.00654773825985758,1.36258230121664,1.12983403252866,0.142090259557603,0.585050405784477,0.799687900363631,0.0521678016877497,0.0178425035179399,0.0158445033891163,628.814536175479,-8.95074688535501,4.83714937450002e-09,0
0.00682406461502379,1.42203825232652,0.591847972706179,0.0955508668356745,0.816428561533424,0.950781572363169,0.0737145719102415,0.0334659586406531,0.0194109993700073,601.782468683935,-5.09699386952009,7.60089446375452e-05,0
0.00718386043443899,1.51418903542411,0.466522257280883,0.14832072772677,1.16826177114555,1.01255173196178,0.019765990528775,-0.00291786535463698,0.0244690577059985,603.771447382368,-5.19944792368968,3.11500462789591e-05,0
0.00737570488401587,1.4968347491713,1.11494003760322,0.125152517487357,1.06868069099091,0.985926712139088,0.0360615313276072,0.0144687193824477,0.0271097998945959,590.36707226069,-1.44663474726136,0.000594779123325268,0
0.00804962642409588,1.56225207448067,1.55459369439232,0.0869155083627211,1.23530385955461,0.971122923144854,0.0786484678660585,0.0358448560529048,0.0265571834660316,589.256197204419,-2.97377843219696,0.00477319575137451,2
0.00730747845216579,1.48794716367734,2.89699207918698,0.0301695449802877,1.41797564989235,0.87328491572468,0.0461484672893681,0.0316625362305261,0.0257165306469637,591.568977737983,-2.11518171715226,0.000636372667273685,0
0.00745953435955717,1.41240573990423,0.971198547837182,0.120146220126847,0.641715840282594,0.871747984868447,0.0273803015901158,0.0092433621206745,0.0122228774341653,615.593431227965,-3.72827773026401,1.93832422973001e-08,0
0.00712859923156745,1.50568392590186,1.56610739155988,0.11479349199444,1.26578396124924,0.74629724340701,0.00964614005495042,0.00456733348046292,0.0376723693602984,603.427907324789,-5.09062859701886,3.31739998821765e-05,0
0.00699808722712218,1.56210862906901,2.3666282543375,0.0541035700768945,1.4246101982771,1.01837493097366,0.0577455757454002,0.0332148562179648,0.0229804172820802,593.762678955873,-2.80543235841595,0.000423767255532965,0
0.00694406807194335,1.43130597455145,1.50569689570575,0.0945937226220265,1.10893669503727,0.809573552172107,0.0335062332919549,0.00152192330269423,0.0123109327850033,608.436696801328,-4.09746361118999,1.00421556955408e-06,0
0.00844080576294973,1.52926629831197,0.88931089625561,0.145713275251737,0.861918798486276,0.881132074709857,0.0418663337025125,0.0314924263979256,0.0325390793183301,611.14656638279,-5.85081462850588,1.49574279383892e-06,0
0.00797515626331736,1.5651254657135,1.00004402148094,0.133086131782189,1.20179070552336,0.941831461303802,0.043558143292239,0.0365610792814558,0.0410378866824098,600.49075950849,-3.98360939007139,4.76232522320533e-05,0
0.00786267436884799,1.503722711112,0.664656101751977,0.121495633407799,1.05301661762095,0.864907892274101,0.0169085699184117,0.00514900876647592,0.0251252313489483,596.983554797098,-3.86696988483942,0.000244761430896569,0
0.00786809890641383,1.4718667047315,1.60191197666421,0.0609957787535328,1.33130686227184,0.936697354549916,0.0828651616555886,0.0325077472446453,0.0245459939106317,595.418590741852,-7.55426665662437,0.0213768274333036,2
0.00739014573246284,1.36104989279389,1.55624724653222,0.0863118157042042,1.21586436443697,1.01527723578191,0.0167535316678725,0.00697139290672286,0.00755684488961581,643.664254643602,-8.09467276471915,1.22525317889423e-12,0
0.00731386233520077,1.57941840851227,1.77485519016609,0.0731864008492293,1.158159558822,0.90392999080791,0.116716278468065,0.0589759674973965,0.0311751954883461,596.592945556019,-5.33199761618896,0.00128770434767848,0
0.00697997589270071,1.52379848965607,1.02879958933914,0.11664318726589,1.29715776866589,0.674498734566874,0.00723653096106466,0.00560667140646396,0.0474867628309094,615.868739965267,-8.38831908112783,1.78432572166716e-06,0
0.00709048514890221,1.54725615469633,1.29194427664333,0.0834806554687086,1.40570255111433,1.0265281563256,0.0515999190006379,0.0436583374892838,0.0406322919507993,604.970060311981,-4.23927274725298,6.54914226831698e-06,0
0.00772377535701758,1.46058734382323,0.557391270319902,0.13544364151744,1.09863136757545,0.950524432832226,0.0474209399393055,0.00259413655623943,0.0207752702515575,598.768794158905,-5.65887894438243,0.000601588323479718,0
0.00690460071892842,1.50720168366453,1.13647859424463,0.0857295817405971,1.11752131155686,1.02171770748973,0.051525273608913,0.0292665958483448,0.0217219756574415,592.048684587664,-2.48301890381904,0.000723259521315008,0
0.00794089388688273,1.51296184235378,1.25332787782292,0.138818888923445,1.1425123213498,1.05413378158175,0.0547126792732066,0.0340462886149786,0.0340349784453309,603.100356802846,-4.64832342733155,2.51092555283338e-05,0
0.00768677099140355,1.50278750316587,0.974257661324408,0.12804858592847,1.08639657918227,0.898288371218956,0.0211178632046816,0.0147738458991986,0.0200912762060587,591.746999683126,-2.53005065998754,0.000881515263299419,0
0.00703981556688428,1.50991777585221,1.48582021907899,0.0828831492468103,1.16502059970035,0.990834226904832,0.0454909758631785,0.0270385087137063,0.0330306257054836,585.80653456093,-1.76629067332356,0.00800734793728034,2
0.00769224448815252,1.57938706299394,1.58785791985688,0.0915557575409247,1.22653322749818,1.03023967327344,0.0882768501888089,0.0388823636844153,0.0363984546154418,592.905106002593,-3.55727562907772,0.00137996598071096,0
0.00781242424172217,1.53976700681028,1.71721905117367,0.0983840478590259,1.12325653551393,0.999692136789566,0.0949092180534717,0.0447390914353894,0.0358240941165803,593.189631675435,-3.34255355579103,0.000965676813346378,1
0.00717248991661341,1.56593290229294,0.199870254116064,0.136706357336484,0.982331295548512,0.853641551474203,0.0369247267236546,0.0195490724299189,0.0200399363639445,597.914742476577,-6.4067830519022,0.0019478925275565,0
0.00761463968830555,1.53275129331196,3.07806629818635,0.0211016955469324,1.16702061966153,0.791920164225816,0.0952878418719955,0.0449240961088317,0.024941899285273,597.184214935826,-5.45896533069029,0.00108784000370616,1
0.00756491622644137,1.47354669319184,0.284267745345994,0.127850863211532,0.77128643330104,0.876840448852926,0.0572829598202993,0.0363288545148907,0.0277026050920231,596.38949709538,-5.37232411727082,0.00148425325769148,0
0.00759620270740605,1.61657445940689,2.10200428576714,0.0960905706128237,1.02562633941636,0.872265609385273,0.0360072104412736,0.0273524446352114,0.029947930370604,596.677136542776,-6.18280161022735,0.00289090487387711,0
0.007738976131622,1.49390906495665,1.75703051179676,0.0931294582349067,0.872657937082766,0.928811511621572,0.025930376910398,0.0197936609318126,0.0184222838230102,591.243483364363,-1.9944280719552,0.000663665254906696,0
0.00728222055239811,1.57341068860819,1.82583251254833,0.0764060173165999,1.23043730133722,0.916707378774827,0.0494430196847081,0.028702567095239,0.0313451627289207,587.314996540678,-2.15147187520909,0.00553620819062125,2
0.00755149937438952,1.49505018929674,3.05912750199398,0.0306450647976717,1.19565771113812,0.880581130494074,0.0602493684917413,0.0341441026865575,0.0291187114862068,590.181156241323,-3.00077944516679,0.00308804295983922,1
0.0079072424047367,1.56952086545421,2.24656624758817,0.0939056340062872,1.24327073318451,0.939630027483302,0.0552261279928014,0.0355249610400334,0.0297191824129753,592.898259787531,-2.27418711064683,0.000383810413293656,0
0.00772712882768265,1.49812811036022,1.73710087134783,0.0771619901640218,1.05916768749466,1.13577261432712,0.0455231931002044,0.0304589318264485,0.0281284123282297,597.510487227731,-3.22087359229621,9.85655172527561e-05,0
0.00683467684078328,1.40701796632658,1.9613641740219,0.0591382306556541,1.24458720638558,0.939141670565207,0.0374068048230745,0.00538116940654693,0.00466860180614566,645.909281941574,-4.87845876170351,1.59933838327971e-14,0
0.00713395898482617,1.53046141105295,2.15343722041766,0.052324463084575,1.25928573824098,0.817005716997256,0.0410018713296106,0.0213841478606645,0.0206182086229904,589.827331382587,-2.40085628222807,0.00202288924818057,2
0.00727344609933424,1.4597821490193,2.17245131064367,0.0940548183966262,1.01092834894234,0.919662139626811,0.0765573794021617,0.0335568217554511,0.0245195598433842,589.878043724779,-2.64625744447822,0.0025207886313526,1
0.00728602362287646,1.53937407256995,1.40766183923856,0.116868117298183,1.15062770542279,1.04700555873218,0.0845620965951504,0.0349274212704369,0.0323031174629055,595.245441870919,-4.27959854798747,0.00088180338436548,1
0.00740219118519116,1.51261423502739,1.30766416503361,0.0875069290215633,1.13707853667151,0.843783288548257,0.0326792677332192,0.0267639112502271,0.0372754647192234,588.855674105341,-2.11914345747153,0.00248095266177323,0
0.00717088283773745,1.41172654503855,1.14890502811865,0.102242073841948,0.994476486683151,0.822582643452066,0.0356433072814873,0.00637310965503677,0.0288653535451569,594.970758535912,-4.17643875899377,0.000912466150517853,0
0.00679468397439003,1.44062124037446,1.75078780367458,0.0857051611087694,1.09220093500018,0.892485707030294,0.0181086374002765,0.00310186384344819,0.0092958397892523,615.327534961491,-2.81268819105326,8.86195582233491e-09,0
0.00818967419043666,1.49790983553449,0.851844254120687,0.122010914849095,1.09523505685907,0.974406339419478,0.0470789224227633,0.0165435354350571,0.0314979186075111,595.934071529092,-3.59139217501662,0.00031401724628624,0
0.00758130858509462,1.47994582177622,1.73035811358631,0.0717956887244136,1.10290207828191,1.02341626811859,0.021982513528006,0.0219137800109741,0.0255061693772512,592.191977324125,-1.65433296894942,0.000293957678205547,0
0.00713085058937701,1.47389928856158,1.73769948194295,0.0786759226819378,1.32658372597475,1.01440577884761,0.0511275808579297,0.0203157591995702,0.0296735327810698,588.334740868078,-2.68157905171791,0.00564937453411685,1
0.00759565251663457,1.47147139051883,1.16547638109327,0.0920077373016318,1.09869335090589,0.90452208986563,0.0511468833601528,0.0180408456343209,0.00930808900575589,594.613053640659,-3.96387622629682,0.000882219511571965,0
0.00714681068547573,1.41223059161654,1.23164331568954,0.100259413751117,1.03536661671941,1.00377331172461,0.0734075540510125,0.0249075628310873,0.0125732939480123,598.754575521688,-3.62938852654936,7.96141836960498e-05,0
0.00763130383830612,1.54261012752246,2.13151595599938,0.0655323363237526,1.24199933676439,0.880875434673917,0.0425428175644255,0.0220470098818297,0.0178647311397903,586.705528255693,-2.00571918549923,0.00649018656657345,1
0.00769163186002907,1.57228004344958,0.913927878915688,0.107070951395261,1.20948286604614,0.973080689399493,0.0659864533762415,0.0317231667679221,0.0289151814947732,588.800045617881,-2.39995683962144,0.00337795416666336,0
0.00731116319470033,1.45034090871149,2.07604099184497,0.0722592371104457,0.89326069559209,1.03541187370921,0.0628721991613695,0.0262538205844994,0.0205511342062624,592.752348787453,-3.39275145064922,0.00126353490909484,0
0.00704613086381203,1.47246769027512,2.21237126136333,0.0451936982220455,1.14886648532603,0.972051874738169,0.0792823586147997,0.0384089700282147,0.0191729812359893,588.819818273001,-1.41861357623842,0.00125362663565208,0
0.00865524450314934,1.59723036874317,0.481928608299403,0.12923610577553,1.28137740587613,0.995903315463431,0.0224677953175676,0.00971628480240595,0.0325083015222672,615.048372083206,-8.54235242174285,3.13697160820568e-06,0
0.00724296565781579,1.53971170737519,2.86189795788385,0.0049145054499069,1.73644561776344,0.876301668418102,0.0773412286827133,0.0422407729277762,0.033678503734638,611.914490096517,-8.91794302567222,2.18847374949116e-05,0
0.00711371556044208,1.41762495484904,1.96543654799711,0.12078611818721,0.939565512220156,0.793637496962376,0.0438687012869025,0.0205584895764356,0.0213017129223848,602.21826143967,-4.85858094860634,4.8160622528777e-05,0
0.00725157621755456,1.52133627248689,0.135400597933408,0.136535569464015,1.21426688043656,0.948741461188779,0.0203126315762495,0.0148426157557861,0.0435080884534294,598.448938843714,-2.99154126593942,4.90168120580677e-05,0
0.006604620227598,1.51939359703167,2.14376233479464,0.0790683289745029,1.21480965255532,0.790597213780629,0.0395780611932153,0.0323720556306502,0.0287939724445192,595.919833597354,-3.0352878953653,0.000181356116923908,0
0.00758342732870242,1.43533840623938,1.67918447797913,0.0258770672716623,1.13405750246054,1.10788561535878,0.0487850970257112,0.0270268713954214,0.0218341464104276,645.934250127539,-7.98065962356853,3.51388305391735e-13,0
0.00717076748735541,1.57442317612559,3.55875874850233,0.0266062806435118,1.35106738854864,0.766053807327997,0.0290979072592891,0.0171331410953763,0.0138639753530112,609.545232204143,-6.52711273404787,6.55080622844257e-06,0
0.00733384275401597,1.43886105801559,0.0764408486147414,0.159191864095458,0.665903157722461,0.838743978940933,0.0214143138659041,0.0179250068356607,0.0320694020220351,615.392374238773,-5.09662079369928,8.42072019722464e-08,0
0.00717336697204146,1.52567917126343,0.755427032929488,0.134914005818573,1.08498856242449,0.966230094679858,0.0394908705541507,0.0238714578721224,0.0284067571948734,592.595641531297,-2.36507385137656,0.000488991244367583,0
0.00753375736394864,1.50864369452252,0.802849309732767,0.112434501062672,1.3847508548116,1.00683659769994,0.0654360472843201,0.0266289004085154,0.0251711311794438,589.719293717718,-4.88888728832039,0.0257022014788214,1
0.00726495370748475,1.48560610048919,3.37359344319647,0.0142385529373647,1.3657968823742,0.913266021771024,0.065641346514879,0.0291809644856475,0.0134851005281036,595.843080972059,-2.47294357828758,0.000107392955713715,1
0.00655512702459165,1.51066398232262,1.80549723585523,0.0792078239923463,0.997375705670027,0.87280607003665,0.0682608088218063,0.0406582269888304,0.032248008797809,591.180778599302,-5.09549399673643,0.0152174214037198,6
0.00693808763396344,1.46292579173759,1.68897544670475,0.0755602525361332,1.44754902618022,0.854473944449683,0.0337129454909324,0.0158080823425806,0.0330704844927947,594.157026902644,-4.55490275497414,0.00200115701957958,0
0.006985928912019,1.48420409009552,1.91365459719786,0.0605850570506202,1.01020281769906,0.911973111169855,0.0464014234042401,0.0207582331445061,0.0241587885420532,585.553589997916,-2.75622873220945,0.0244534168024103,6
0.00681956186793476,1.49955412886722,1.91605740521131,0.0599815982975985,1.14407955807425,1.0254029649315,0.0782932150010019,0.0351595906350204,0.016224866954535,594.723792468543,-2.78796490253543,0.00025753616753101,0
0.00760981875634451,1.53102109901069,0.530135772155565,0.153485746095975,1.20947295504437,0.978682083738111,0.0214794812329847,0.020257005987786,0.0411436270821923,606.67361046904,-3.44130597864173,1.25808691098979e-06,0
0.00785193045973627,1.53449514760045,1.57051667244078,0.138983936066434,1.43382827211123,1.03354210995157,0.0118723054214092,0.0142177473623381,0.0234440436234458,613.465648007119,-8.63467945475859,7.59087561923488e-06,0
0.00645926231567903,1.49937370661619,1.77631286657018,0.0718816026186299,1.30851942268329,0.855067466905616,0.036846718764854,0.0211216190906153,0.025089431817843,595.124246246478,-2.69344413868651,0.000191792203758108,0
0.00732834645065178,1.47012335044159,1.86203093808582,0.0564662153998586,1.00673810262388,0.945051757461622,0.110124436466055,0.0323925480110457,0.0138974186377109,595.793191083929,-5.35171469481784,0.00195904159650896,0
0.00758573659914687,1.43464078370132,0.604928035517259,0.118206915837212,1.13096954835715,1.02719331815119,0.0437939801656814,0.0260562399341683,0.0344095258163745,593.273997173897,-4.21779027220233,0.00222137840127395,2
0.00767768409733276,1.56141517404953,0.0301780192267822,0.161393749780017,0.954571984580328,0.812323349072231,0.0600300491527082,0.0321915776907316,0.0372958869907321,614.241118129929,-6.40461423901929,5.53854463761921e-07,0
0.00763506558514231,1.5143459961877,1.89963345690683,0.0684697033565649,1.15779697560628,0.849138847693008,0.0567274075433067,0.0363677633506952,0.029549704870759,586.137698284108,-1.89692673264024,0.00773235760295392,2
0.00746708075152507,1.50313271238272,1.83120675093833,0.0980571615037369,1.32270877218694,1.02853022926484,0.0465345676900162,0.029148072377243,0.0218823172357871,588.465258691619,-2.58955413101573,0.00482717304117189,0
0.00778180142052217,1.52013806940323,2.90754672649981,0.040139788329923,0.950245694532354,1.00548414842202,0.103943670093283,0.0515448881784324,0.0287361910435872,597.719573030584,-6.35989945039255,0.00204919934721387,2
0.00732919514021862,1.49461158494452,1.83899489343672,0.060729504968356,1.06667417991077,0.905342926930483,0.040737096041874,0.0327119109444113,0.0296198619554459,588.148390909495,-1.66770158132709,0.00224980230071092,0
0.00735862795671243,1.48247953821857,0.257796556312367,0.153974213625937,0.867005246617544,0.875204201804774,0.0384759676740843,0.0141174015752931,0.015667392066428,602.868987718175,-4.3347886368074,2.06019612201937e-05,0
0.00760902622412445,1.56089493139437,1.70942710366754,0.0962315864531754,1.23300238583646,0.764608180929445,0.0143350796799286,0.0211313415954127,0.0388000862569947,602.137080014124,-3.84632990426327,1.82265877895024e-05,0
0.00726896093778373,1.45147209075881,1.31016957124239,0.0889511066389237,1.11076056919351,0.784689455882366,0.0219570231324832,0.00847654490046178,0.0262633422983199,593.128046417115,-3.18103546356196,0.00084734145957941,0
0.00650002925332219,1.33135203468628,2.5219744313111,0.0769723626776315,0.781963563122153,0.566942682771542,0.00633220478591309,0.00998762627454923,0.0214970591926265,659.178742877185,-9.09624791636532,1.42651415302627e-15,0
0.00712011450159202,1.47069379789482,0.869587149391578,0.108208539543635,0.600153272072063,0.880348243285974,0.109518785755741,0.0439258440414626,0.0209318439376228,600.981342377711,-7.44863377201982,0.00119160221725116,0
0.00697237328110641,1.46651699780707,2.72949219735645,0.0231571996959082,1.39010518813306,1.02648231238752,0.0343054960462421,0.0205506942664894,0.0145255709570998,599.066602596972,-3.13247652479926,4.14408340617381e-05,0
0.00758712973803115,1.53188855363809,0.47472134624092,0.165279023538947,0.789176260788898,0.881695982204148,0.0846603149148127,0.0267387073418869,0.0189393217963516,613.948672686617,-6.67532396263118,8.40363382672049e-07,0
0.00672940420281052,1.45363845213858,1.01195573658094,0.138279334759192,0.799508996602369,0.911601001794743,0.0328766785936882,0.0260013997395421,0.0280772317673862,601.398781606731,-6.57656698013614,0.000404344677024665,0
0.00770125228265903,1.52476070208128,1.77570224084535,0.0919563059241921,0.993681689483096,0.714914855389842,0.0408761113441433,0.0159012011524069,0.0188525201484095,601.845997662197,-4.99440683778927,6.64533039720967e-05,0
0.00682749639222092,1.44165103781601,1.49761711700364,0.0859538583652642,1.19548546779878,0.879224493632303,0.0380475143673733,0.0027927418609627,0.0203860310988427,594.685761575325,-4.30838137908403,0.00120061846418328,0
0.0072813684034059,1.57492756096755,1.04753314261535,0.0905460433157111,1.36397662877097,1.07189868605398,0.0703099198995091,0.0366002649250627,0.020310593011515,604.056140851773,-4.41176523337425,1.22900046986824e-05,0
0.00724769712789668,1.41722376883988,1.35385469863473,0.127989258894664,0.821177511089787,0.916623445513509,0.0381947745685319,0.0159399578753714,0.0183000227013147,600.133463760131,-3.03834460596404,2.21249122394245e-05,0
0.00698075726431639,1.48980614915201,2.11865064222719,0.0482451551430828,1.52177514411802,0.980639157443719,0.0219250566842544,0.0236954526946052,0.0294786284590104,607.774522104672,-3.0432357090496,4.8727148611118e-07,0
0.0066413950706295,1.40344220562018,0.76326060118952,0.122229432761705,0.994603305214861,0.709125445147033,0.0039794564224912,-0.00148537714929042,0.0276725248069205,629.443710143673,-5.37265497888404,9.86326125907584e-11,0
0.00795462529973216,1.49513488517347,1.38587394188287,0.125090197769356,0.862173660350351,0.954978224745285,0.0204834190278994,0.012926080517493,0.0279454549637047,600.35375756995,-2.70632154461847,1.42183624291721e-05,0
0.00733055485565639,1.48514281406201,1.36337555950614,0.0839447959865208,1.20571812977821,1.06478715474687,0.0424274985210919,0.0223393230522954,0.0359600160051726,590.051330841814,-2.66268092349304,0.00234985053031363,1
0.00689162198048679,1.40260092241395,2.56216335622877,0.064337568156023,0.962951320711872,0.766789017235718,0.0301315767909498,0.0214917850286717,0.0217279416068845,595.669486436777,-2.5246890326938,0.000123351414800279,0
0.00683407910952211,1.43253656690074,1.7444159567836,0.0780039703071018,0.894841703468198,0.66752561366777,0.0380497340289579,0.0302851978499367,0.0274265076405663,603.196604954186,-4.6743859727225,2.45613727153852e-05,0
0.00778985357399222,1.49110972905573,1.77201317326752,0.137904204140495,0.721495458266259,0.938042487648842,0.0356796600548798,0.017563142731826,0.0135654755655667,607.33530068429,-6.01117848447176,1.18061388856087e-05,0
0.0068136241585099,1.45687007082302,1.21937953793072,0.110834072231509,0.862326426715703,0.863904959812006,0.0289356018646869,0.0144180674086612,0.0218488837785046,592.693253802571,-2.36892583354924,0.000467495830826837,0
0.00754069461853531,1.54097932174979,1.33268686636775,0.118656600269118,0.832078867577648,0.873991504052994,0.0624216716356941,0.0200317778623837,0.00752983676642644,602.592342523206,-5.36703078415503,6.6416865382813e-05,0
0.00792701944072186,1.52685716057703,2.14324227525982,0.0655997965250484,1.29952119555148,1.17204761497221,0.0602213855344661,0.0195638760752834,0.00983154486958401,620.195612155782,-5.6608197049702,1.34081188051873e-08,0
0.00685587158329863,1.45610752327498,2.41684941483632,0.0320913318391291,1.40942803899703,0.968952348460376,0.022212415781335,0.0154585704353979,0.0108630593856036,610.593130089699,-3.34284201231891,1.60633238540614e-07,0
0.00753132285450264,1.44347965752042,1.50011164388317,0.13412825144932,0.938808804975545,1.07018262400488,0.057605347563929,0.0203793229385816,0.0217616625396132,605.564003463227,-5.58930522507128,1.87725367729909e-05,0
0.00711619603232814,1.47341243464352,2.45687467056637,0.0466128793148246,1.33360929427907,0.790040491948235,0.0306021490942814,0.0257052675369374,0.0245137781207235,591.586158007955,-2.12132856106478,0.00063481972153797,0
0.00707000912543348,1.46691620767368,1.94749977541498,0.0793326835793244,1.21277196762236,0.967211525522293,0.0338065874218746,0.0112183019407676,0.0121571426290804,592.845919763543,-1.95143763517273,0.000285307986682872,0
0.00719523195462145,1.53324354195637,1.07158944786523,0.116081309818033,1.16590670985698,1.00722532415354,0.012606904776962,-0.000943719441433056,0.0204693184545191,600.297082034194,-4.83771276651417,0.000123255969746268,0
0.00774046798677928,1.38247255959374,3.30432105231964,0.0287312937268958,1.11860632330138,0.940057812154047,0.0516381587638079,0.0264875122594912,0.0186881542041894,600.992277772016,-6.47901813887965,0.000449425792492922,0
0.007393218302723,1.49148121489308,1.82364020306566,0.054398753271426,1.49186971819437,0.913237964470771,0.0583813188983733,0.0383371607503468,0.0331875252563077,599.969597627142,-5.22546411478214,0.00021395309304532,0
0.00689200287333754,1.48908529785796,2.762748692186,0.029066003069319,1.56759134006002,0.927905124215781,0.0345068197188293,0.0165389101841884,0.0246936287036175,600.559037193268,-4.60691871770385,8.58405597777833e-05,0
0.00717113143114994,1.5160461228109,2.05386519157261,0.05495360617616,1.15099106849408,0.808478283007086,0.0743149866232734,0.0311378135274717,0.0230400005478083,588.523426847244,-2.85410174262706,0.00610876447059795,2
0.00728839428427347,1.53288428124247,0.666634778606357,0.108421166484154,1.12226589184997,0.895304694124026,0.00914716154020229,0.0127267182006272,0.0388704274997729,599.768903744829,-3.00836172515789,2.57645972799857e-05,0
0.00750596672490237,1.50674662489431,2.21719674857667,0.0729569258222284,1.30281627465207,0.909531900289333,0.0141302930071599,0.00683782834401877,0.0136526533691859,599.629242545518,-2.96128687475058,2.63576116487648e-05,0
0.00734252929839063,1.42154323814468,3.01833924277915,0.0587691386738741,1.01602809159071,0.717361197510944,0.0259759592120274,0.0192237322921641,0.0225705311052619,600.189152537873,-3.81051406090033,4.65733873165537e-05,0
0.00739434513726315,1.55236834444749,2.17653885680033,0.0596919899011962,1.42226019993535,0.877682513457128,0.0531338116520415,0.0391535054899804,0.0307585140163591,594.017340918476,-2.18882257222686,0.000201390057351421,0
0.00750716425038004,1.55658582585652,1.99291364773943,0.0626800157836951,1.28234141121517,1.146911677419,0.0493510282020105,0.0243287121158878,0.0217188381317125,599.553530766044,-4.36910996672307,0.000111881030841881,0
0.00837591822033032,1.50738703648831,0.596432231908644,0.133573037274978,0.720527993921026,0.931140714552857,0.0315303006574438,0.0143288681387254,0.014506195984253,613.205172522924,-6.57959205124868,1.10749121230743e-06,0
0.00776096492743905,1.4706475332168,0.922672664624457,0.128746711965231,0.955638903489006,0.98356975189562,0.0393673835513599,0.0247227904299166,0.0368284006300767,596.741430538048,-2.33074909823939,5.94493879348465e-05,0
0.00764439581518596,1.50357234549493,1.82953042221846,0.0680420762020475,1.16341683170488,0.924890145412216,0.0387704426165186,0.00768598175185909,0.0144995038392517,594.814095815049,-4.32321982968098,0.00114283057054634,0
0.00766062714707066,1.49756751962666,1.19755734712008,0.0916291030672166,1.07766754225943,0.923993104913536,0.0524588039933209,0.0253312979440494,0.0231127885301725,584.714313986835,-1.39027310962581,0.00949202844814049,5
0.0072483449845148,1.55786447409046,0.834142633416402,0.104695891588387,1.16675197988443,1.08019148019862,0.055178396257083,0.0252746982768883,0.0302765478684976,590.718494077947,-3.27793929451996,0.00311437495302989,1
0.00804094680779479,1.59435864057722,1.86082418864578,0.0957122194733136,1.2001011460702,0.986754750781836,0.0340340388933701,0.0283414943887024,0.0299645338801703,593.591312423907,-2.71143507681817,0.000420258653449908,0
0.00723323688297198,1.45411182665207,1.30432345847088,0.102812816882104,1.2578037286993,1.04037335458927,0.0487628332289969,0.0266149174612843,0.0266242584771902,589.249231886641,-2.9575849258002,0.00471290835172271,1
0.00782601528471009,1.57173295552288,2.66022631725729,0.0739361101623964,1.0602835413307,0.877320781721219,0.0569817240306656,0.0235861650951987,0.0233904729145503,595.078101244324,-4.88946110851285,0.00176428711117298,0
0.00709852216576801,1.49153524756501,1.57223697767916,0.0870881264515818,1.00312951344595,0.928782391683482,0.025630671119897,0.0183996733155038,0.0173340691491639,586.954699489244,-1.42493333436796,0.00320566580789871,0
0.0073921383350081,1.45150327083169,2.37619644816077,0.0832139298334005,1.11951499701231,0.813488193069098,0.0545418038812147,0.031235579257608,0.02839708214751,589.690034763928,-2.8041853815074,0.00324301748514757,1
0.00737627762905368,1.46545246485328,0.723313851610733,0.12320034980044,0.975701248459351,0.924678389104461,0.0308205020252344,0.0230400390921023,0.0275092076682769,588.972287424246,-1.71363923712029,0.00156022765674127,1
0.00700894847176645,1.46018203324759,2.21120868646216,0.0630246498558379,1.2078129004082,0.950419733129273,0.065903158174262,0.0396151991049399,0.0256943785486921,584.941348612072,-1.74251985487556,0.0120514112379915,3
0.00797161188934819,1.5113535815655,1.37188380736302,0.11563099204871,0.811121269546592,0.952671210957824,0.109792078530837,0.0369836982915258,0.0287623242660983,601.482457824591,-5.91453566122324,0.000200016176811636,0
0.00677956815792491,1.47265865152685,2.43914190397459,0.0624159300571181,0.871533457151002,0.66386720127372,0.0358519661249244,0.0175934694910759,0.0155724743162164,610.037095734446,-4.31351039962345,5.59928619143942e-07,0
0.00713344181930113,1.45149434712032,2.14646055629873,0.0740545650057856,0.986569085947533,0.7534395643039,0.0114806678935869,-0.00330924422475004,0.0146780418266551,630.118514085408,-4.93685634315387,4.5522256345922e-11,0
0.00775475206954515,1.44687590692498,0.0773559059792277,0.118167328241615,0.860506616976776,0.908236773134237,0.0396359822126669,0.0155242412195206,0.0229489952383794,595.665142334614,-5.53996394575657,0.00252118492129855,0
0.00760846440036757,1.4754444744303,0.778968828544225,0.0996689094336273,1.15057750300804,1.08317705158124,0.0273785148541423,0.0160413971904058,0.0316209904866469,593.359329987562,-2.4204050749962,0.000352775394994992,0
0.0078740439002104,1.46584230279157,0.73092869185077,0.132609543796695,0.845880700434862,0.906964375047564,0.0807570430605308,0.0352013002402728,0.025797449263803,600.425924382408,-4.43219094938273,7.70396524807844e-05,0
0.00801121315174588,1.46402235155564,1.41729396712267,0.118533949150636,1.02133673379034,0.935236874813569,0.0380980591227457,0.034103071807023,0.0369707224890862,597.348662859155,-4.98930575931206,0.00062644803636482,0
0.00732428433438808,1.51731324139446,1.16276559674315,0.0637210020046151,1.15857193727417,0.996995446602108,0.0760638490483048,0.0347049919887942,0.0162324975369571,620.652889567943,-3.90366305155864,1.84055111349323e-09,0
0.00615600824174159,1.43394310208079,1.2672927536684,0.106113746711191,1.19123806149249,0.89299550818727,0.0543115324081082,0.0168749050538506,0.0171416428474373,600.19298987727,-6.6204639853208,0.000772058670422445,0
0.00671109627920652,1.4549240255427,3.45561709374032,0.00216904954992207,1.58977339582927,0.92672427306819,0.0102316487798086,0.00746504900322816,0.0206567377489313,621.365083251947,-7.89236706818242,6.95935728939552e-08,0
0.00685450375608318,1.465456800601,1.9363854574807,0.0780914883673754,1.06531693266285,0.80164663999823,0.0223868080158236,0.00166787884172642,0.0290089223459682,594.408596978212,-5.58068774387844,0.00492205179068514,0
0.00781886475454477,1.50297965766997,2.66130202969714,0.0806412390145601,0.803658264058553,0.88963578838419,0.0569964408638945,0.0342202227550581,0.0292190565311736,598.640713809081,-5.18449908152708,0.000399108645932488,0
0.00813373805753063,1.55935683754781,2.21489217722747,0.0563709852206587,1.33699895239826,1.02183201182148,0.052043905571947,0.0361509009098056,0.037458174169939,594.631721744951,-3.84960846044383,0.000779645310688292,0
0.00719950029081524,1.44031553096496,1.65543155662475,0.077400603582437,1.1016591933242,1.04574789349801,0.0804963649589127,0.037092318693141,0.0205194333502947,593.953881363819,-2.5821964682353,0.000308076239976381,0
0.00655711859311751,1.37541981609858,0.417492464196515,0.114079112322616,0.973079223874344,0.881501506915502,0.0364339794139367,0.00442110384635427,0.0194367699186831,611.47931468245,-5.67140072649956,1.05848102347657e-06,0
0.00653424174317297,1.48866900190178,1.54133783333751,0.100130408479534,1.17034811430711,0.891927026625765,0.0517709468491229,0.0334448773233136,0.0217017574246564,593.33207185498,-4.13279868945905,0.00198198522520948,0
0.00722210016458944,1.47303723647417,0.771991386749082,0.107779575500554,1.11609197582374,0.858198126106179,0.0234412026118273,0.0198525828942526,0.0214184703898889,591.802441916757,-3.11950186316184,0.00154591678731077,0
0.00826441625243683,1.63452056524105,0.775168241040542,0.126337444818427,1.31091788365144,1.0331708994831,0.0319196623915131,0.0322135139416904,0.0339086766971293,609.381787367325,-5.87011972297119,3.68517324356886e-06,0
0.00745949751819025,1.56152263271888,1.77158729548957,0.0523380700745174,1.26175326701828,0.927946807300074,0.0687327639668509,0.0394017614471617,0.0309829699282465,595.9023374708,-3.10546750832751,0.000196250179504554,2
0.00742750318259719,1.51775596878511,1.66455110117178,0.0803055558960697,1.18005961212009,0.842872890687506,0.0384559953902301,0.0236987181261781,0.0295283629380584,585.307714852251,-1.226021824008,0.00598646218419616,3
0.00700932968753638,1.46509811721314,2.18318724355232,0.0926134681602679,0.987952498875574,0.858304894253658,0.0896699528036113,0.0291215825610218,0.020387141433055,591.159050488886,-4.10041813055995,0.00568726295713568,0
0.00711355744987539,1.46787549633855,0.479134956222879,0.114026673613575,1.03575194371267,0.969442178728143,0.0500212034193785,0.029029351986399,0.0321534084764685,587.57585167935,-2.50489591759892,0.00691924249328464,1
0.00694969611586206,1.40359324459373,1.81945602272012,0.0679065911344319,1.12935202447761,0.917792700648985,0.0231156731264319,0.0201599977444908,0.0234131422330425,593.818786593763,-2.25241981612859,0.000237013717132046,0
0.00752939386466429,1.50347219993008,2.51245942864496,0.0540154792768301,1.38298736740227,1.08572281026053,0.0736949480815337,0.0370239392768733,0.0249032292396235,593.286762617329,-2.70131753092806,0.000484456537135005,0
0.00752748231502964,1.48924327126764,0.91184720917986,0.0681082979841232,1.0170485608038,0.918882791951051,0.0799104222912048,0.0450356748269995,0.0399412306155927,613.034047949505,-7.56379629072632,3.22800343450899e-06,0
0.00716105686645124,1.50219912512775,0.135404880357828,0.127076745231861,0.989893070482184,0.798175146385991,0.0413810780351095,0.028623896465496,0.0386159848595886,595.392414851566,-5.18823483611888,0.002032697298907,0
0.00707893568481256,1.44039570166353,1.50942404197837,0.0950520921629538,0.979672969221833,0.914551779819456,0.00850890887071892,-0.00146924670117591,0.0271333338028755,600.843853203449,-4.08445653061292,4.41512583037887e-05,0
0.00761107937038735,1.57716250347783,1.80725501545901,0.0805575821402832,1.29961794573025,1.03254856139707,0.0205952338992328,0.0226064571550591,0.037239467989793,595.450380347109,-3.30471838698989,0.00030025127633029,0
0.00791594703594864,1.48187087262435,1.44654344982526,0.11872628227363,0.677112643868259,0.866013243649577,0.0727385691887361,0.035147220953052,0.0275531017910947,604.430490719524,-4.32732054461471,9.36675467242695e-06,0
0.00706584003047116,1.51652004319115,3.68700239121298,0.049610741286247,1.0891560555279,0.845841812061738,0.0533021783497454,0.0281774696273457,0.0181132997213546,602.539793236633,-5.40581024456583,7.08811920953976e-05,0
0.00706174009800166,1.54873300854302,0.464807427528528,0.122007880919963,1.32176016584158,1.14193816990755,0.0273808766155001,0.00973395801782321,0.0370614086247049,602.645632541614,-6.29669970905909,0.000163853860599685,0
0.00832340153089302,1.50575202213993,0.751373800795257,0.112087976123423,1.07646409946725,1.2280788346659,0.0761863955652911,0.0299564539761621,0.0278782312949026,616.351182933425,-5.29812323702408,6.377610227582e-08,0
0.00702925445639845,1.48187369593163,0.777508726479083,0.12669821899184,1.17392613683862,0.932775799211473,0.0144984705372583,0.00790885631654881,0.0418544784068747,597.091957595489,-3.41433524374733,0.000147443926534161,0
0.00796751875795646,1.52333025837171,1.85507297557638,0.116627501445174,1.14553696308843,1.03125798439448,0.0846847770548643,0.0411965027012977,0.0268843862649562,598.133989102872,-4.36051555806994,0.000225565933682553,0
0.00787563710176425,1.5540261572653,1.1067428649591,0.123643446814533,0.938558583192471,1.01007824584406,0.0355475437962618,0.0205451089354776,0.0324527768940952,596.156867685956,-2.89560470536345,0.000140086818253935,0
0.00681525888352627,1.46155431063391,2.87745144127075,0.0461254850054044,1.42991888922366,0.978837919573,0.0411755913671394,0.0105745951499317,0.0305984872540945,599.514916129599,-8.96003489379304,0.0112448815121477,1
0.00728775698863123,1.47865138242884,1.29482010653818,0.106562028001865,1.33529236536144,0.951103164097235,0.0328155001778227,0.00979613555608395,0.0194486490659948,590.31944364582,-3.37875601201818,0.00420540418345591,2
0.00769646521274515,1.37647245654765,2.97728361559212,0.0678734156148224,0.954861503920887,0.841660264562432,0.0583719072431295,0.0262849684725218,0.0129417686016027,604.472134790321,-5.92195125256436,4.51944980924887e-05,0
0.00717910698273272,1.48812333792003,1.80268501432954,0.0731817217239654,1.0520462537253,0.779958039568257,0.0560159923320433,0.0276989308882091,0.0247870645840168,587.393137945481,-1.72878655926905,0.00348878593460922,0
0.00682189631021565,1.38773731897852,0.61134869243284,0.123390455259355,1.07954775407642,1.11604701518529,0.0419882047182562,0.00341470281892922,0.000803599871726297,685.928517555522,-10.280410206591,7.24288293186878e-21,0
0.0081010188483824,1.64773756056215,0.827767876150822,0.128713040573217,1.21135032297496,0.876460543846465,0.0343973993338252,0.0206317513171401,0.0397988419641624,607.226552335977,-6.93178798329669,3.12995372695356e-05,0
0.00644313195674755,1.45020188419352,2.11812052144335,0.0597224711311838,1.14511575540743,0.712375840309783,0.0775728994381409,0.0310661268007733,0.0204886950429073,599.209503256152,-4.57472304004971,0.000163214112163488,0
0.00675192575463858,1.44360692619131,1.5681103967628,0.0944493699259803,0.903735228159812,0.885930593263827,0.0918358948807316,0.0363058987371065,0.021126150439501,589.955307924098,-3.86651128477134,0.00821690438096083,1
0.00815649871310706,1.55256397279269,0.44061620926702,0.130335473290132,1.19070743421724,1.05120804467991,0.0597673515818107,0.0338910678982888,0.0508601106123885,604.451663402716,-4.990134953304,1.79824224523349e-05,0
0.0069077149427668,1.52290834357935,2.17113039086282,0.0477318728651935,1.40508580049632,0.940027438874357,0.0937144084611808,0.0383753745212959,0.0228228547136046,592.308065154442,-3.66463771416758,0.00207081315029749,0
0.00752471425021716,1.45025858674914,2.78018243643791,0.0440413608217804,0.849375234285932,0.860887842983237,0.0458465240286224,0.019406284741749,0.010367032341839,595.653119251166,-3.65612887814407,0.000385546092350964,0
0.00772017222834867,1.47231575262253,1.78930082809052,0.068410851645816,1.16642199551324,0.897867689559729,0.099972953383613,0.0340760485313985,0.0273809626454028,589.189281803288,-6.28020560719968,0.134679909857148,23
0.00705964575759884,1.48917810418718,2.64434720113648,0.045984742970791,1.36325717859383,0.830328724072498,0.0660381726261789,0.0375810042888014,0.0260640161755948,590.436108286692,-2.09239861191735,0.00109601479552034,0
0.00762607265447501,1.51459306712244,2.95810143753648,0.0528993680077405,0.878297569499219,0.898205231367882,0.0861321526987147,0.0272647208141423,0.00984486728342241,596.095236141048,-6.04639771694839,0.00337405695942509,1
0.00754401663246382,1.49085472715881,2.82225707133301,0.0960753153122753,1.24589662241155,0.931832405770708,0.0717121116692758,0.0184026352157964,0.00808968414329259,600.635562899017,-7.86264090234851,0.00214297633235512,0
0.00797157466848083,1.52923045009987,2.27188271820324,0.085956893419792,1.18260664017959,1.12328276944907,0.0686281206539144,0.0297212310532942,0.0270014193135546,599.046625582649,-4.10078261107045,0.000110229143094996,0
0.0075143111300174,1.41162289644506,1.91304243770142,0.08075478287762,1.04081847638589,0.850238985667107,0.0144576061450081,0.00978434494120406,0.0282088077445119,594.271268068373,-3.39806898159911,0.000594384517518154,0
0.00748524670895185,1.45333217263713,1.61642794439837,0.0390301784868752,1.28192860566194,0.930165994428606,0.0509251377261541,0.0325563678813763,0.0219111045967581,623.765397930672,-5.88949715694186,2.828212732879e-09,0
0.00779266656100383,1.48268881284982,2.29595906335961,0.0979615869741234,1.15324115894885,0.878347232172589,0.0373559130169651,0.0178409311726923,0.0217424297718357,591.127069601603,-2.65773170957798,0.00136551702279869,0
0.00785827174877713,1.47989539575266,0.320533292406521,0.143388059425922,0.795055455063067,1.11439417984892,0.0354779228902337,0.0172024300748389,0.0242558128146888,607.966724834106,-3.74579249707389,8.9361662974297e-07,0
0.00717603724183647,1.47189041462215,2.60901301549082,0.0590463386797644,0.937462142459092,0.886192416370131,0.0362262083214394,0.0222161138581244,0.0144808001798654,586.569229909411,-1.8192907627869,0.00576619275074561,2
0.00809545516079532,1.51636215505245,1.91597898029748,0.0712353363124845,1.0012012847818,0.948559532695123,0.0704294915543206,0.0212162978735986,0.0146925563775985,592.687883287507,-4.87666513625304,0.00575494630466863,0
0.00750063952529305,1.5172231656801,2.01581899928912,0.115177963288765,1.20643070783624,0.978020062606999,0.0712914662404099,0.0296408137391645,0.027051198769017,595.751035906445,-4.21254589981514,0.000640416947691459,0
0.00676147575862492,1.42903682609672,3.01162985268843,0.0375715708194404,1.06160754753777,0.656117705869663,0.0714956078244888,0.0306685568288877,0.0200076416441929,605.689743459015,-4.69208756136925,7.18724070947768e-06,0
0.0075986743187024,1.52605288050607,1.53330056605028,0.0627327607656268,1.19381911634344,0.997001996190949,0.0472814671508309,0.0317068634662863,0.0219433285814004,598.367779644042,-2.06741660933389,2.02593878918401e-05,0
0.00754891356887648,1.4882796808842,2.43169401566897,0.048703768741303,0.988832973520407,0.962579234218142,0.0519063928752397,0.0255104348943728,0.018576735870319,585.984537480574,-2.41585860466995,0.0140261870196368,1
0.00731308111438338,1.5453916932484,2.24852344958245,0.0657692674647619,1.07578910805063,0.928093817166073,0.0816001749202072,0.0333024748537139,0.0140263565702373,587.620559536647,-2.44732730829025,0.00638776063998964,2
0.00720641334360234,1.49020082197783,2.9618367041406,0.0396498219946604,1.27524548989981,0.81515326972106,0.0496884478168747,0.0264191884944586,0.0320725002239478,591.735144898817,-3.52684846060546,0.00240274595353469,0
0.00799988533154514,1.53442369314097,1.61391030891722,0.122438962862759,1.33448359621059,0.992730635293831,0.00875322914402916,0.0084165905814067,0.01987669464957,608.592765756934,-5.33018578352003,3.1864084458048e-06,0
0.0068927800254144,1.42007167165051,1.83127341405218,0.061159864397455,1.0376319644262,0.863729520358815,0.0396569226530953,0.0195131426116786,0.0116528432535348,598.995678413842,-1.62575351238024,9.51629701256905e-06,0
0.00773428778414743,1.47886053534455,2.54835550329223,0.0546967939222148,1.18229666558506,0.789477400133736,0.0585959618634808,0.028158318422585,0.0177771370185113,589.260009213868,-3.40980566853177,0.00736793355619494,2
0.00760789736813632,1.53083033206722,0.40455462858954,0.158139478771554,0.869356880099225,0.904330539325965,0.0142929420897355,0.00911875907451069,0.030361215823226,607.828123214359,-3.20967221213959,5.60291611127282e-07,0
0.00717514613951596,1.43832341516376,1.61082340404288,0.0780951690394056,1.25000997938592,0.911378816964172,0.00454656760196853,0.00641606105625689,0.0330658547700346,607.765644396652,-3.26899247863661,6.13399881013013e-07,0
0.00773006433278298,1.51212780317604,2.81987099813475,0.072212545638092,1.41765559783569,1.01266383914104,0.0627434883156182,0.0305119854287851,0.023733019954474,596.583755518719,-4.10295855413298,0.000378483429747665,0
0.00700465055329659,1.58717879460271,2.50975373079313,0.0645331004517906,1.19708859172117,0.884595747724718,0.0415935782138662,0.0271189892458532,0.0201362824062712,591.572020673104,-4.49257671319511,0.00684762992510673,0
0.0067577024722034,1.40656204955017,1.85809748482718,0.0554774795833881,0.821628709550112,0.827043967884588,0.0688251876796674,0.0298125529652094,0.0172047663322723,601.901757303653,-3.78729880702043,1.93271656639859e-05,0
0.00703070098840548,1.42292759296166,1.33555003654905,0.0962877728572654,0.878354907468285,0.839884462609484,0.0444508142331643,0.0237179637147877,0.0271758526175518,591.199826549191,-2.08790549429419,0.000744776160929982,1
0.00818811845925133,1.46812942982465,0.443436137029193,0.131084812495751,0.804808264659918,0.962671372348751,0.0304544696185306,0.0134068239067878,0.0201109373854458,604.83775542552,-4.34033001772386,7.74110005422564e-06,0
0.00695759908660619,1.58307779133959,1.16513476362813,0.0863506672268834,1.49562350277166,0.995283188357166,0.0660739772024681,0.0493909591240747,0.0448900956291735,612.298404049166,-6.57744317249583,1.73903897307556e-06,0
0.00716747424126774,1.44634246458685,2.70110358458186,0.0802569389045366,1.05796627104299,0.755151649958639,0.0252634589066731,0.0165019366164319,0.0137691215107482,597.759817983079,-2.44861132781008,4.01970590375324e-05,0
0.00829283085723944,1.61116373399729,2.30933401258213,0.101860055879833,1.26495798529387,0.884873152692501,0.0516387859611409,0.0349000022950337,0.0335524805384377,604.159929833406,-5.31835854526418,2.88896999064163e-05,0
0.00777416245369983,1.49749604217991,1.43917896990642,0.100480443841965,1.24420185013598,0.879138560952666,0.00272172773004852,0.00979718156262492,0.043147885596042,612.652491180973,-4.23049689167487,1.3936523522282e-07,0
0.00761172100560083,1.4298238618857,2.19164055637266,0.0609221645577118,1.3286959595532,0.980099804895383,0.0586750785287965,0.0172724798298903,0.0141950054610095,595.040057125603,-5.3690065384185,0.00290465375840147,2
0.00806631245089196,1.38877295179394,1.94119464123069,0.129871383591275,0.814432090987505,0.881446743153857,0.0361748758788667,0.00829112521867093,0.00561185807861349,623.577914949158,-9.09260024831386,7.64387335336523e-08,0
0.00787623773843366,1.48226500204628,0.981061389604672,0.0906291307943314,1.01291246635041,0.957625097338025,0.05490942951914,0.0358225299688103,0.0301023752374227,593.238606352404,-3.45056106069991,0.00104979415692134,0
0.00702731586473649,1.42078469013951,1.35068583612958,0.0901461320985661,0.867795069354497,0.782122731483593,0.0401699555961142,0.0160666535684974,0.0174912811395724,599.456522140155,-2.36126267402481,1.57697429728547e-05,0
0.00732745393890793,1.55752495532796,2.60256566423135,0.0403169710785424,1.12466008285295,0.646971280130394,0.102045687842456,0.0440488734847043,0.0278911295953507,608.782387906908,-9.73409243224743,0.000236983371730969,0
0.0071725881154681,1.57100644544702,1.06410709190088,0.0973201817444687,1.01476777386732,1.08227779593488,0.0799810402700335,0.0346609698549698,0.0255955038299416,595.08435417597,-5.89612829261751,0.00481284037342423,1
0.00729111234293359,1.48450257962514,1.60630281833175,0.112533337352035,0.956744504850336,0.89740296828943,0.05346477069127,0.0308585219552836,0.0284103803847588,589.500146845997,-1.73746334823957,0.001227188946703,0
0.00727008127048927,1.54511262962526,0.666874146645831,0.13423244574945,1.10643797849035,0.948167329013169,0.0438177099048536,0.0289130112671421,0.0345244155447639,594.336339423971,-2.43605821929247,0.000219857587173727,0
0.0068175430594988,1.4474110029838,1.81938866257097,0.107527970656245,1.19356860607118,0.928095474852884,0.0184108541856942,0.00919165879376328,0.0109920892399145,601.586738435052,-4.59251250307624,5.06143323372376e-05,0
0.00768604427772684,1.50351280638475,1.55806653218841,0.100660098126065,1.19335419697602,0.928447253331643,0.00774317284780447,0.00186083920305427,0.011627196953619,614.036142514105,-3.92406851106526,5.13591973532777e-08,0
0.00694081901987839,1.45253606021067,1.58355003804307,0.0665128763265499,1.2984434013421,1.05998369255934,0.0527157892339664,0.0319402813235057,0.0231600525466288,598.24720694637,-2.97873817045069,5.35291409182765e-05,0
0.00763933910880873,1.47476722791669,1.41093757403176,0.107163475759825,0.837501294561743,0.856957547213137,0.0306440157549101,0.0144571367623434,0.0166090116829043,595.165096896803,-1.90109469717462,8.50838930817823e-05,0
0.00685918492972916,1.5151087870708,1.0063926527913,0.0888726158688301,1.3094841156834,0.992643584045763,0.0415989585399299,0.0117918495159229,0.0154479387460872,597.411682400464,-4.49828690481779,0.000371495667902783,0
0.00736174984849152,1.48075960058882,1.09541847644811,0.125757011585587,0.936236525963572,0.811767583448927,0.0102912885461415,-0.00104121245390363,0.0213598895179966,606.521163292249,-3.0765134800426,9.42728764955184e-07,0
0.00723353894760377,1.46103273147683,2.21526768192838,0.0182909457699938,1.29811604129761,1.01150211884646,0.0766426130408878,0.0282843611547869,0.0218515439729059,597.174687774039,-6.16858081626551,0.00222236767687969,0
0.00699288950953107,1.3623226618238,1.60683167593964,0.125250052183285,1.02397893056504,0.73409779878145,0.0331873843823464,-0.00294177562005674,0.0124820142872817,633.261184517574,-9.95585329261318,1.43061984903176e-09,0
0.00703989926687093,1.5492737273684,1.20671704420976,0.0750617426386973,1.45316348209393,1.01141658654175,0.0535415053135358,0.0162205780500726,0.0217679402198951,600.711571445951,-5.50194341048191,0.000194658975880075,0
0.0076831033047079,1.4674136177293,0.315316351582722,0.149074885395682,0.875400689825024,0.841472752996228,0.0416939973611319,0.00945297834037985,0.0375998869606899,608.623850345695,-4.71494262521022,1.69572257981937e-06,0
0.00613126630436426,1.4663305744019,1.21360211231854,0.098713852664998,1.03671116913608,0.892293729956941,0.0240224303563393,0.0098404299594364,0.0309506171024192,602.251660834462,-7.24913674492723,0.000517183542547397,0
0.00727115511272216,1.42003606693736,2.59410851548368,0.0574541838112279,1.03081301363536,0.879006363400942,0.0525835905974535,0.00858286182994875,0.00315407909169686,616.910688210516,-4.1954566524727,1.60059307367373e-08,0
0.00752015757229549,1.4912081814823,0.988141408216213,0.101638493660445,1.22733480171123,1.07428718015546,0.00708765705435927,0.0116342815897143,0.0375417473204634,606.53154144717,-2.93598378826881,8.14895465703095e-07,0
0.00724553529441034,1.53367944772918,2.41316296615148,0.0697086276075824,1.00180508348746,0.834834797412525,0.0864615756623996,0.0367126206956637,0.0293969832468409,590.643258340096,-4.27691405387991,0.0087812705193781,3
0.00783786634182532,1.55396973941357,0.184881318486469,0.15876498238627,0.915311371546681,0.944885311264134,0.0475472780863548,0.0162550601982122,0.0478887903850829,615.041458531873,-5.64820086554135,1.7421991438899e-07,0
0.00686314728927415,1.52962304285346,0.128313030738289,0.13384095669658,0.974323544203249,0.936468685106696,0.0607741121385997,0.0274212598853024,0.0269504774977966,593.460443663247,-4.77356997150951,0.00352783496813687,0
0.00643336847424372,1.40107789428129,1.51708215821215,0.085709372609839,1.0012252334673,0.81445608161624,0.0408067322398146,0.0171593691078499,0.0207748599324412,599.555911657184,-3.0855799430965,3.09606057132613e-05,0
0.00738354660294873,1.45117579747745,0.381182843061139,0.148965146003021,1.05303772265231,1.08519579209555,0.0155426398247273,-0.00489186051157808,0.0234668709150006,611.196225864677,-5.06128627377993,6.62499709143332e-07,0
0.00701500932701957,1.3626291148672,2.40891384690979,0.065896713297961,0.964898698861276,0.820380886256361,0.00195709990281388,0.00546263211116507,0.02434549186171,616.087808517831,-5.20099976239432,6.60189802922432e-08,0
0.00670123513886057,1.49585565772148,1.44241988461452,0.104167640482989,0.987234868321194,0.632489186853301,0.0639412257334444,0.0246715867647094,0.0215320004463249,609.483194273533,-6.25408256152448,5.14269326197309e-06,0
0.00774196612843399,1.57881083823868,2.44168885882105,0.0643137192956982,1.10125069868268,0.908761290799736,0.0982846205538604,0.0454503873111893,0.0283429947139174,592.063388589987,-3.97372954835183,0.00318792894618935,2
0.00677961359627981,1.36205590240478,1.13122375868283,0.100770642336342,1.02799881436243,0.737961246932501,0.0476318459982744,0.00904963434441492,0.0320464962568677,606.827945514125,-9.1998687182224,0.000369070417647599,0
0.00688755131061841,1.45825431147303,1.32697676962261,0.0902592580419541,1.19219886188959,0.804523739795876,0.0535729238938212,0.0134418349506029,0.0180297358500425,591.429774317338,-3.96443348784329,0.0043356977239664,2
0.00739286262097401,1.56603980843202,2.35437092396911,0.0625908788963425,1.61803333729666,0.969668599592672,0.0665913587542682,0.0416318610505871,0.0412140015069587,601.679203864915,-5.08956902201835,7.94444939074088e-05,0
0.00781374223552019,1.55273997657015,1.99317066369802,0.0503232602264567,1.60220712461016,1.11074453027924,0.0700940204527398,0.0426970587942788,0.0299060180696312,606.802825730384,-5.10147492644223,6.20374759132319e-06,0
0.0077794620402613,1.48430193860228,1.09136071453575,0.107071801381533,1.02576598849045,0.804729740479247,0.0185841167924337,0.0214854658809688,0.0351667326087553,596.603524912452,-3.68250883862601,0.000246124592380038,0
0.00759492960886133,1.42554506764222,0.310163284461092,0.134414055501186,0.875498145913557,1.10326016962441,0.042598642026845,0.0263987929139172,0.0255909748653579,605.541891967272,-4.92704200297588,9.78829728728613e-06,0
0.00715421065024448,1.45611307397107,2.19448567564009,0.0887450901839046,0.772877039897561,0.828114904910913,0.0294488460333706,0.0151105881951463,0.019173375628072,596.857878552577,-3.38009707294908,0.000160172169339272,0
0.00756956469193281,1.52406361235781,2.26882853565934,0.081904512508978,1.20378498001918,0.825544084315905,0.0776955317060209,0.0485623897853952,0.0313527204634219,590.999853467175,-3.66962687558861,0.00400296910262901,1
0.0064757660468169,1.4425615122065,1.3068515914286,0.0815263830263974,1.53387426979883,1.05159355196475,0.0474484291548064,0.0136363172449935,0.0248706806312034,611.411778847376,-8.49922839927255,1.85122092523366e-05,0
0.00785023665461219,1.4529783486543,0.918450315799064,0.128875289821505,0.786631127378899,1.07974748727228,0.0470542236891804,0.0199837942144508,0.016323870147906,606.477646910878,-3.46041345857721,1.4143661801831e-06,0
0.00696099719086691,1.51307313826313,0.570756605655135,0.133028159071643,1.03566410161538,0.971959322958781,0.0358982975677581,0.015741573963984,0.0364347918295265,593.989739898572,-3.37696945655007,0.000669941909020477,0
0.00768383738576105,1.46302141599874,0.620933818967324,0.13840449681024,0.96069771044831,0.987679330532527,0.0548443866592081,0.0298289321530596,0.0279848647486532,597.664937053985,-3.13846636544918,8.40228963136945e-05,0
0.00727053916537647,1.4793401754651,2.6578259569096,0.0481500463988284,0.959976443389453,0.80588968091422,0.126574806478938,0.0401129005482794,0.0138852478802263,594.280293952574,-6.87719903497098,0.0191899801976566,8
0.0080044783881693,1.55201973609226,2.6717844480729,0.0559366528207001,1.29365241233117,0.996909413595374,0.0371480815162368,0.0344084213905533,0.0338014091084639,592.881527031268,-3.02903535570508,0.000823335142630772,0
0.00748193170954118,1.56786549575875,0.784436951279101,0.136923506106018,1.0612640498565,0.777942593676674,0.0280697809216746,0.0212342840330258,0.0352692198040656,603.185193482982,-4.06435229190966,1.34213543782721e-05,0
0.00715717489271362,1.55166614584838,1.59642898075175,0.108305169630963,0.963557065139613,0.843019743461582,0.0118952148960544,0.0100108408047734,0.0269732530257708,596.356508173356,-4.87601333331754,0.00091859997534061,0
0.00709623681540047,1.50838785782617,1.11757258208193,0.0630459026615662,1.20539632804296,0.971523325496191,0.0290945263196422,0.0267468692808039,0.0297342870000083,621.5966596509,-3.54360394353395,8.01012197230441e-10,0
0.00706668348833593,1.55852428368669,2.55137589213806,0.0355175942124473,1.4049816199082,0.880011799628924,0.055981525477638,0.0289189655542542,0.0181392506150723,594.410215635551,-2.89499485844529,0.000335284202915642,0
0.00756610564997824,1.48416392479075,1.66359789451074,0.0796904030481842,1.04532833627251,1.01004949847325,0.035297213725347,0.0250109276232026,0.0189323934391813,588.44901205849,-1.00652104377807,0.00099935144436207,1
0.00708488342444535,1.47329389627882,1.2624936506018,0.103424472272161,1.16913100285804,0.848217650414906,0.0359208809573815,0.0209717350954075,0.0294707273593637,586.32538048476,-1.43855729974654,0.00445133155290986,0
0.0065527736007745,1.51728449670549,1.3956832706892,0.0800993925351683,1.21185171638888,1.02109913714972,0.000781609744341938,0.0016284958005805,0.0233623748703629,643.556274552462,-7.95981707136842,1.13007256955761e-12,0
0.0074833345710727,1.46895004241674,1.30195667020498,0.0903580881024679,0.942048874938317,1.03006805196762,0.078710853307285,0.0358002035979447,0.0210529757100077,593.949769595551,-1.84187995933443,0.000147243349962492,0
0.00736150310244012,1.53359973878063,1.71152993976726,0.10048403488351,1.23075625079921,0.870244291431174,0.03192337370394,0.0331072981567399,0.0372736216135246,592.630946941337,-2.24456239213341,0.000425889711633769,1
0.00793921317635961,1.55334523648666,1.75031069653218,0.101948818314105,1.38187708225327,1.14692719760864,0.0308649562219785,0.0131016994613036,0.016313224393862,612.26744574156,-5.67189035642454,7.1409375485113e-07,0
0.00761276142664895,1.58057500893241,1.82738691678737,0.0829100121265722,1.10942547157715,0.871670527562647,0.111233783296726,0.0526277146240716,0.0313977138885883,592.978628681544,-4.87350096491541,0.00496058086405683,1
0.0077583013066,1.47848286259657,0.369595458771452,0.105437699663211,0.998959164132911,0.951529520023709,0.0684442700510997,0.0180385436638522,0.0192795435778433,592.192621713037,-5.88213915884736,0.0201491987181746,11
0.00731188170882872,1.62380650498318,1.38856964260927,0.0767747112401261,1.33532180677957,0.987722357542768,0.0633203940801094,0.0401639228361679,0.0356480489184768,601.307788509382,-4.64877434605252,6.15574933770044e-05,0
0.00780368264400968,1.46488385651628,2.12105030554623,0.113268127351177,1.14039776890632,0.869024195531328,0.0257390716195972,0.0223253730758451,0.0304316055863741,596.138286258145,-4.61134368099061,0.000786263556883956,0
0.0072673897734747,1.43417321246182,1.08702029589919,0.0799025721880127,0.916146495779806,1.01433438856307,0.0530066993690485,0.0368847296502722,0.032400144563336,603.920524760964,-4.59413770261204,1.5783527304961e-05,0
0.00759605754049591,1.49147827712524,2.39441959911985,0.0817301783071251,1.07150261201005,0.913926191723487,0.0485211495035806,0.0289320742255302,0.0253990651648865,586.395297513432,-1.00760204861808,0.00279348385755666,0
0.0063004582795651,1.51512441518905,1.97771099023772,0.0557852439660116,1.43423767311828,0.80373542824193,0.0417865605104747,0.0328298755709306,0.0325976924890734,614.524882525644,-4.72843619994282,8.99129261248888e-08,0
0.00722126200286544,1.46953648990256,2.7471547270236,0.0651249035557219,1.03679530607119,0.825564666039721,0.0423665241431483,0.0284471762327926,0.0211508210413397,587.339584972978,-1.05195907890473,0.00182121308967216,0
0.00736365530384179,1.48151184318907,1.90375286735197,0.092857709256771,1.23757675267532,0.967911839574972,0.0464808206749728,0.0101776267183186,0.0209041434709555,588.629979253624,-3.11883545285221,0.00754724084493707,0
0.0078682764847264,1.54460811240986,0.546567274795053,0.136457355853012,1.08344089792741,1.07314821401809,0.0625297396032045,0.0207275300413753,0.02680388831779,600.17655912341,-2.79887416812159,1.70420889495633e-05,0
0.00711172775857786,1.48613923346899,1.64328880513383,0.082271096800415,0.99034808847888,0.831481573296184,0.0789912909165532,0.0380382692025321,0.0271073583628025,586.590761870057,-2.09790523520101,0.00753727355839614,0
0.00706990605660355,1.54915358444281,2.57514448932492,0.0335619404139389,1.59588839840187,0.812584195453986,0.00512109233920766,0.00927403674257492,0.0193236695719752,627.956644957326,-6.77561120702399,8.4377914577683e-10,0
0.00752150515151455,1.54339302510898,0.157999943485348,0.167989037564161,1.10584330146403,0.8844821909984,0.0182051654863526,0.0112338842847128,0.0329952474578916,611.138300027557,-4.07514502547727,2.54383199373934e-07,0
0.00730560350821348,1.48978741032363,0.788059452808572,0.106545511526343,1.10040153386121,0.839954695925192,0.0273056140524282,0.00995269503082532,0.0294421409552034,588.163022042166,-2.62041341689859,0.00579061564669686,1
0.00724198616741936,1.5179912253634,2.3465387594087,0.0903776363166403,1.24572846907293,0.939762965822926,0.110639168716269,0.0315715708462661,0.0173121358992181,592.248859772539,-7.27153855891173,0.078605753151474,14
0.00779710698912533,1.47576318824263,1.11922917907114,0.107450965067659,1.0671275012084,1.07804553404036,0.0812714000780502,0.0318871616058596,0.0321971160546668,596.967603431254,-3.37623900533764,0.000151037596326457,0
0.00702857399393822,1.47412735699122,1.23383466046994,0.0818949607620682,0.958079492926683,0.876529233275485,0.0318284858749875,0.0216390188475594,0.032785463779651,590.594243034432,-2.77828597285683,0.00201073570012842,0
0.00764033696214289,1.50922435332606,1.5535098452078,0.109898953322369,0.992971282561546,0.997183079567248,0.0637963115790126,0.0291781136463097,0.0251060631780953,589.930721478967,-1.29608141676938,0.000636390377214706,0
0.00726037895820909,1.50124330643543,2.59236492770554,0.0626227992358102,1.23779655205513,0.877536884688587,0.0437199858204602,0.0166445329678321,0.0189585678334167,586.480257848022,-1.79816661427853,0.00590248772113532,0
0.00771866026385852,1.53311624754247,0.642547061271835,0.11995646332108,0.963283599980096,0.941959504565409,0.0467026667335811,0.0292314726239987,0.019893001829796,589.743459305653,-3.33019350900079,0.00534306829799631,2
0.00790078038959171,1.50136971416906,0.773035961619999,0.100956436553457,1.17866581924666,0.915075161865867,0.060236131351873,0.0379729167407567,0.0291208780917187,589.526964934452,-5.85524243141274,0.0743732388019987,15
0.00634061634862738,1.50531563480235,2.49238129161916,0.0478221128707764,1.37321422096314,0.802650437164264,0.0332056886080408,0.0228104067005893,0.0171779906182214,602.319715383993,-3.33782139389496,1.00047021782971e-05,0
0.00722394983974394,1.49868752042014,1.82362635777958,0.0899562406361388,1.30350462846083,0.983682454845151,0.0288921121348062,0.0123578042721958,0.0201044950905809,588.797076291781,-1.85702978268167,0.00196565958608605,0
0.00753528761808459,1.48973474715187,1.52112576787628,0.142159304815876,0.983079266253632,0.888774778094836,0.0115501634896426,0.00443514170201357,0.0161248082134437,604.927295138178,-4.62074027501177,9.79805801524969e-06,0
0.00742784739082404,1.52679845300035,2.50719697650024,0.0767063808317328,1.31749320125297,0.92963362632484,0.0364308711363695,0.0241640133609004,0.0231303493691253,587.918941043972,-1.3629658867135,0.00186047453987973,1
0.00781316702696044,1.44692114804137,1.74799598930312,0.0881739488947511,1.04742371464462,0.956464200606721,0.033031377455934,0.0211075764112364,0.0188890768264246,588.656375250668,-1.7458171220259,0.00188695744812186,0
0.00709556362016289,1.48547663304362,1.59382095561851,0.0971765821212203,1.0038793132132,0.873149175026097,0.0327571062436509,0.0248546917459624,0.0262625986735435,585.542918605981,-0.914942202642111,0.00389938605550184,0
0.00740316627714549,1.45643506835865,0.606130841670028,0.12397432274681,1.13300960429398,0.965106474658943,0.0335400733471173,0.0210604351839816,0.0364312479353193,590.906771889487,-2.60914841091256,0.0014522276467104,1
0.00672104613363882,1.40001985645543,2.37862311411078,0.0656336384035801,1.43178507749412,0.789260721199996,0.00931447830561986,-0.00549846065119208,0.0110755890330395,665.819294220277,-8.75251803695626,3.656105274457e-17,0
0.00631202594838719,1.46897301986462,1.75603392858044,0.0583439166999952,1.39827492712298,0.846041201610429,0.0164823233919554,0.00496872285546267,0.0240870613511819,621.69245532248,-5.4899201122553,5.34701910186258e-09,0
0.0073820776685579,1.49638401446163,1.25537131871575,0.0795330641846893,1.22678223472935,1.02231566976518,0.0456114230008274,0.0232971779163492,0.0242132237955053,589.195359325719,-1.29522760387823,0.00091840589050911,0
0.0073445410788134,1.46061763961336,0.13611952484974,0.16686508964031,0.709303672007018,1.02090165607837,0.0372788559491639,0.00945669242543002,0.0247493071318129,614.281362057365,-4.83393039224598,1.12854134639027e-07,0
0.00752308786804058,1.53298269883484,0.957399277807451,0.132060822956223,1.34087728174611,0.954541661588341,0.0126094255658108,0.00712696677839854,0.0344823647526895,602.106340189689,-3.24410186339561,1.01352887204112e-05,0
0.00664539593584177,1.42564168974406,2.03819987658654,0.0873964489334836,0.969293695050237,0.64393759029433,0.0258426959606857,0.00152100900274545,0.015525420368305,631.230167940643,-5.50554687055094,4.61116189681729e-11,0
0.00738764703864789,1.46307576331634,1.08032320438747,0.0905165615847236,1.07307312263374,0.964364011616656,0.0393103325501556,0.0268592337714967,0.0357440902174607,588.023635826851,-2.05055318661656,0.00351159901164905,0
0.00770142186454585,1.53473558328764,1.17721116713477,0.102291205272192,1.03800364282042,0.816760290205186,0.0241734202413172,0.0176557564898626,0.0309202016186508,592.100933279581,-2.84740170391861,0.00101437360449196,0
0.00745721754311763,1.4459134311361,0.802393795850206,0.124368627654999,0.83818784876383,0.930894423904806,0.0495631701368577,0.0237582029335166,0.0237925385846261,594.060293796886,-1.8313389511347,0.000137866186419066,0
0.00715094089775563,1.49439829891182,2.67255417398865,0.0874324200221255,1.131124907146,0.725866473983475,0.0278183347559955,0.0218848460176599,0.0282359385650691,598.459562588995,-3.38448943922331,7.22259675890001e-05,0
0.00733385199062853,1.42096859077372,2.28744045777403,0.0829598370997559,0.893096692547574,0.848134976286733,0.0442184789421959,0.016093953355836,0.00692969090798357,601.040087626438,-2.06998849787398,5.33898832652748e-06,0
0.00696691246378079,1.45151297637633,2.64596826967254,0.030375123489768,1.19348856438753,0.928035306201963,0.0446225979010956,0.0165764063017956,0.00997130901248048,594.204597837571,-2.53356779446137,0.000258878897228773,0
0.00697999979075021,1.41920812017954,1.3484107034622,0.0874907093831992,1.25856203503199,0.983126666180618,0.0629251237659024,0.0196859124851154,0.0269875751558634,591.939612046741,-4.73538499286973,0.00726388775482193,1
0.00686844279519001,1.60844820824553,2.1865746030279,0.0874740929016532,1.52181727692357,0.816669620215695,0.0582925613130533,0.0468921816761662,0.0440650501458361,613.552103413558,-8.25082122507217,4.9523440834436e-06,0
0.00765851433551001,1.50105921995235,1.52399800395677,0.131862085347771,0.73587954916667,0.837833824452288,0.0351987053700339,-0.00651157389432428,0.0207793096360265,619.787368594196,-10.7339337452251,2.6256827213066e-06,0
0.0071532471656697,1.52462607066508,1.31065963922684,0.0929885326498482,1.08985351407547,0.878524075260739,0.0593113474362572,0.0257544383844883,0.0363770828985958,586.770638447228,-2.82770574903167,0.014292325928232,3
0.00675445172036888,1.48606901142495,2.30940015124443,0.07377064172681,1.16358009431142,0.795150858313435,0.00141200036726324,0.00537272889660883,0.0213450630082099,607.818092698154,-3.09014429413711,4.99668422006588e-07,0
0.00749629245543929,1.41574524778146,0.890986855262761,0.112061785892679,0.903451321948986,0.937701870993844,0.0143107927970022,0.0102686185213721,0.0177717448891063,599.568212369364,-2.63456561681336,1.96004187448078e-05,0
0.00813339292088805,1.60656339335904,1.75311142068243,0.105832579559212,1.450857623481,1.13190722339941,0.0402799899997916,0.027879758769893,0.0376633664960967,608.082609974743,-5.05289918134309,3.11642244721359e-06,0
0.00771976249014248,1.44227125689856,1.30158486830431,0.108809920581611,0.75540704222781,0.931364972647393,0.0406078269823985,0.0178892667341892,0.027831937651317,598.90759283616,-2.94329809849905,3.71362350454258e-05,0
0.00761778220176859,1.48987687161571,0.554843627839963,0.129579251422332,0.932900589731889,1.0017715904656,0.0390572041266671,0.0177863460718868,0.0160993784024326,592.345737978287,-2.47000640979764,0.00061537320371284,0
0.00710384393180641,1.51485112454789,1.22963663797827,0.112563228177426,0.956253232708749,1.0135152184859,0.0663336531934543,0.0294461440543941,0.024226593552198,589.173010538054,-3.03515434033599,0.00529088374114124,3
0.00755102945668557,1.50256565082481,1.60594742055007,0.0714249271403214,1.04478143816872,1.03713603744234,0.0846358461952661,0.0530708169551485,0.0373618199215947,597.229372821451,-4.57208517177792,0.000438118867025182,0
0.0069083234012733,1.41487576319508,1.79337950831926,0.0949424029257593,0.791114126972609,0.858684326471079,0.0508411864721849,0.0207264493679641,0.0193451273603811,595.731559044177,-2.71989067641889,0.000145358434285028,0
0.00712004630537646,1.51089617338923,2.50258452811979,0.0748929075124753,1.33600358420296,0.830620010355766,0.0335040432414262,0.0288857592330419,0.0412416489733526,594.504728717942,-3.86067182553723,0.000839997541438288,1
0.00672277966641973,1.4862837221985,1.21654618784779,0.0883653246911204,0.9757587702839,0.856377957876165,0.0219012760925615,0.0148594914893188,0.0174494429696641,598.226842507339,-3.07080100776063,5.92918139922339e-05,0
0.00889804295502993,1.59178990727157,1.46845853376652,0.133139032004333,1.14421216413878,1.29514918852959,0.0836283234461125,0.0411183963989772,0.0421003828562883,634.873710626172,-11.592441840067,3.28193538364487e-09,0
0.00703235442395172,1.50580199569899,1.00413876203993,0.0975351796849316,1.01166569698202,0.83797431475723,0.0137249544770036,0.0152154590352217,0.0286369988439546,597.209051265487,-2.51911507130287,5.6808214512379e-05,0
0.00722909273429336,1.44590818463246,1.91065327719535,0.0669731105401396,1.26597269376073,1.05787733126817,0.0653924756562523,0.0225935800929802,0.0252926735419863,592.552783893788,-3.77207833022931,0.00204014850701083,0
0.00725875059519257,1.4890450740735,3.63446730575452,0.0238849648783976,1.25788622548012,0.770201372376133,0.0336425948502942,0.0238929001877584,0.0187050721368259,600.713171469359,-2.65676500929726,1.13052901725001e-05,0
0.00807791410890939,1.53038064886189,0.201343134745026,0.10608523710491,1.17134471098207,1.23209015032618,0.0489151189879828,0.0197633242244452,0.0321190961995805,611.668241236659,-6.31880884674713,1.84002604576024e-06,0
0.00757452953045712,1.48662078113949,2.44295273340179,0.0801024321209229,1.02130968486611,0.938418581617185,0.0243523136241424,0.0122659284491128,0.0101549399893085,593.708636689676,-2.47402866004917,0.000312561676223701,0
0.00721599538718649,1.47575568294084,1.79812356128752,0.059545233842376,1.181932771578,0.956014960004884,0.0475018012661808,0.0212242478519612,0.0173911584406841,588.405577841833,-1.18713522282414,0.00122345952414825,0
0.00774800860218956,1.50042947048713,2.79003542919012,0.0628909774649893,1.26443173186298,1.13544314502333,0.0605100376802661,0.0241008678296853,0.0104035182485643,607.442838579125,-4.80992232233028,3.36556054826799e-06,0
0.00782511949527767,1.48660877977726,1.71458641693511,0.0955426260608405,0.639080408679787,0.921546422240653,0.092193806853026,0.040350998471277,0.0262496821728692,602.295947093577,-5.73111919735562,0.000110856563945691,0
0.0080327408862648,1.40130051300449,0.62517126753411,0.103527304704202,0.841994412765742,1.05629467400402,0.0461233378180079,0.0139805293559764,0.0137518070486016,621.767834563915,-6.48645957443046,1.39487384413002e-08,0
0.00745950418514556,1.55474096071975,1.25480077670215,0.0722929097211987,1.17495359478504,0.942228782867657,0.063596015304696,0.0272436173917657,0.0308367054195561,592.681245664197,-3.9354935295191,0.00225287441090783,0
0.00684889450596476,1.53723459743878,2.27159255216797,0.0640809664873045,1.47010331195745,0.859232395854555,0.0306640652840641,0.0211502380397155,0.0280215032497225,595.849937215664,-2.66276834400378,0.000129397781134171,0
0.00791689604900158,1.58961664957918,0.470477699244135,0.161252617112522,0.825800269143455,0.979078101754749,0.0430828985061165,0.0210022651572777,0.0427048825872839,617.673460998227,-6.54670931716956,1.14758003690595e-07,0
0.00780520208936477,1.52090752871829,1.7160668536618,0.100298111007782,1.26500002667438,0.938765700553,0.0379237772039335,0.0182040185645815,0.0136619942530649,589.146868289846,-3.24840002896248,0.00663462470635742,0
