REP,DESIGN,OFV,KA,CL,V,ADD,PROP,OM_KA,OM_CL,OM_V,TERM
1,rich,-422.326854584822,1.25558,3.9409,48.9858,0.0370809,0.141293,0.108598,0.0441936,0.0522995,SUCCESS
2,rich,-435.414360472882,1.292,4.04502,54.6691,0.0664858,0.121245,0.22461,0.107984,0.0369215,SUCCESS
3,rich,-503.89209389994,1.11727,4.46689,53.0354,0.0275648,0.128012,0.135019,0.0557319,0.0307019,SUCCESS
4,rich,-427.503123212578,1.08586,4.0028,46.7752,0.0699337,0.111878,0.167825,0.100407,0.0339395,SUCCESS
5,rich,-445.03033194766,1.26696,3.96636,48.5952,0.0292607,0.117443,0.177481,0.119,0.0491453,SUCCESS
6,rich,-453.862288134066,1.25115,3.84906,46.6901,0.0358603,0.108984,0.178507,0.109042,0.036051,SUCCESS
7,rich,-470.611412640374,1.14826,4.31861,51.6377,0.0297905,0.125824,0.095517,0.105718,0.0514743,SUCCESS
8,rich,-463.912659998194,1.01606,4.41107,48.0017,0.026329,0.131047,0.0824058,0.101779,0.0566789,SUCCESS
9,rich,-445.720327209215,1.22573,4.28342,50.9589,0.0645035,0.1141,0.165705,0.0880067,0.0507204,SUCCESS
10,rich,-453.678639520887,1.12741,3.72964,46.7614,0.0296034,0.116519,0.125756,0.0647176,0.0493991,SUCCESS
11,rich,-462.487835158082,1.13425,3.80447,51.9277,0.0679061,0.110048,0.146189,0.0490076,0.0475426,SUCCESS
12,rich,-485.034061494116,1.11066,4.66002,49.4162,0.0381529,0.109503,0.156894,0.106375,0.0624456,SUCCESS
13,rich,-476.514027404677,1.28555,3.80913,50.0223,0.0400225,0.103052,0.127799,0.157369,0.0313419,SUCCESS
14,rich,-434.00719353772,1.10037,4.10077,50.6343,0.0729016,0.118601,0.14957,0.101358,0.0349237,SUCCESS
15,rich,-482.051171409255,1.29929,3.98929,50.3413,0.0512564,0.10964,0.126677,0.038618,0.0455578,SUCCESS
16,rich,-442.460408769878,1.34001,4.30673,51.2289,0.0201252,0.131633,0.24231,0.116274,0.0421766,SUCCESS
17,rich,-456.888718903718,1.23569,4.14562,51.3279,0.040091,0.129263,0.143261,0.0625292,0.039815,SUCCESS
18,rich,-420.383236463712,1.3559,3.64057,49.6303,0.0576986,0.124499,0.121482,0.0834678,0.0324472,SUCCESS
19,rich,-483.906894766969,0.954603,3.92383,50.0836,0.0579972,0.106147,0.193238,0.0596539,0.0343949,SUCCESS
20,rich,-476.977830242374,1.11277,3.9632,51.2488,0.0483832,0.108562,0.0889265,0.106245,0.0560937,SUCCESS
21,rich,-435.020570264098,1.19836,3.80094,48.8015,0.0476952,0.12345,0.130867,0.09568,0.0272911,SUCCESS
22,rich,-481.536947225036,1.06569,4.43937,53.0856,0.0207961,0.137634,0.124009,0.0707618,0.0390815,SUCCESS
23,rich,-454.687760293256,1.11254,3.976,50.3344,0.0414265,0.128825,0.11907,0.100471,0.0236821,SUCCESS
24,rich,-453.112723924669,1.21447,3.91414,49.834,0.0218666,0.141935,0.105812,0.0401398,0.0247023,SUCCESS
25,rich,-489.274922554938,1.1108,4.14743,52.5198,0.0146828,0.124042,0.223612,0.073449,0.0313737,SUCCESS
26,rich,-496.066454656768,1.20748,3.90493,51.496,0.07991,0.0908175,0.058779,0.0780649,0.0284022,SUCCESS
27,rich,-447.613762688157,1.1117,4.09782,46.6559,0.0406967,0.111845,0.248191,0.0985931,0.0458185,SUCCESS
28,rich,-408.122388253647,1.24922,3.73204,47.8054,0.0415846,0.125535,0.151021,0.105559,0.0558053,SUCCESS
29,rich,-438.480634466879,1.18265,4.24443,52.4868,0.0413109,0.139034,0.118366,0.12705,0.0301618,SUCCESS
30,rich,-439.263492632025,1.11614,3.73827,50.7808,0.0419469,0.120076,0.272478,0.101009,0.0396661,SUCCESS
31,rich,-435.073753172216,1.36865,3.91261,49.7702,0.0386279,0.122183,0.138986,0.100083,0.0496479,SUCCESS
32,rich,-455.226293437039,1.29096,4.17672,49.1438,0.0445605,0.121335,0.181916,0.0560741,0.0366658,SUCCESS
33,rich,-478.399803008206,1.16143,3.79556,55.8284,0.0572724,0.115205,0.178813,0.0808844,0.0284258,SUCCESS
34,rich,-449.091696179261,1.20203,3.6513,52.6714,0.0366824,0.116525,0.214637,0.12537,0.0452296,SUCCESS
35,rich,-449.49837661876,1.3247,3.71288,52.3593,0.00441048,0.124256,0.202338,0.0845625,0.0445961,SUCCESS
36,rich,-492.45796500234,1.16067,3.94256,48.8209,1.95604e-64,0.114915,0.1809,0.0822835,0.0225609,SUCCESS
37,rich,-418.488612908787,1.23889,3.82404,49.9742,0.0622014,0.114352,0.217506,0.0764403,0.0771115,SUCCESS
38,rich,-472.113887796569,1.09111,3.94881,50.0727,0.0701576,0.0972179,0.11298,0.112986,0.0314886,SUCCESS
39,rich,-486.071399935079,1.25419,3.99184,52.7315,0.0495916,0.116705,0.137636,0.0597571,0.0241397,SUCCESS
40,rich,-464.602364817652,1.12831,4.45865,49.4473,0.0599471,0.104903,0.125232,0.116808,0.0571705,SUCCESS
41,rich,-470.447438345313,1.2546,4.21797,51.3144,0.0388831,0.11898,0.269005,0.0515071,0.0457203,SUCCESS
42,rich,-450.428526968198,1.2194,4.25633,49.3145,0.0155763,0.145211,0.0998889,0.0783394,0.0195931,SUCCESS
43,rich,-491.483168897771,1.10034,4.34412,52.1444,0.0521584,0.101393,0.180075,0.0827624,0.0602085,SUCCESS
44,rich,-461.565150577076,1.309,3.94857,57.3077,0.0810411,0.109353,0.182393,0.0821356,0.0278035,SUCCESS
45,rich,-473.009457027332,0.959636,4.26328,51.0456,0.0518842,0.121819,0.154333,0.0667396,0.0405857,SUCCESS
46,rich,-463.38568638215,1.31509,4.14499,52.704,0.0320547,0.119575,0.127773,0.10776,0.0597363,SUCCESS
47,rich,-409.645662864765,1.09199,3.88541,49.5384,0.0578299,0.127667,0.210025,0.104443,0.0524264,SUCCESS
48,rich,-486.621541262295,1.0235,4.62012,51.9131,0.0377393,0.123241,0.213481,0.104832,0.0302742,SUCCESS
49,rich,-479.263985820599,1.09198,4.15689,51.9179,0.0401474,0.115389,0.134508,0.102756,0.0452281,SUCCESS
50,rich,-479.707448586966,1.0837,3.72366,53.1888,0.0739861,0.10461,0.117129,0.0515136,0.0365766,SUCCESS
51,rich,-449.25074105035,1.07487,4.16095,51.5026,0.0400787,0.131092,0.124767,0.137479,0.0361965,SUCCESS
52,rich,-492.359847264168,1.19197,4.3755,48.8511,0.0604234,0.102461,0.133318,0.0545804,0.0324126,SUCCESS
53,rich,-509.221181125782,1.3659,4.05473,55.845,0.0379955,0.1104,0.201983,0.0645075,0.0293772,SUCCESS
54,rich,-465.089211410935,1.20737,4.03843,50.2593,0.0561237,0.110858,0.136156,0.100487,0.0282341,SUCCESS
55,rich,-468.245844904274,1.21837,4.07182,51.26,0.0220678,0.125516,0.0640056,0.0901051,0.0750305,SUCCESS
56,rich,-483.320525049185,1.2968,4.49564,47.8734,0.0531426,0.10609,0.0734987,0.0745498,0.0459973,SUCCESS
57,rich,-470.827919826231,1.16256,4.11825,48.7317,0.0648895,0.104904,0.112452,0.0797129,0.0295562,SUCCESS
58,rich,-483.703816620057,1.1719,4.05477,50.154,0.0543045,0.11029,0.113878,0.0722236,0.0258176,SUCCESS
59,rich,-412.572835142907,1.25472,4.01345,50.6181,0.0691461,0.114361,0.126865,0.134546,0.094103,SUCCESS
60,rich,-446.079844790632,1.1342,3.73385,48.6181,0.0305963,0.122392,0.156081,0.0758245,0.0409351,SUCCESS
61,rich,-462.829087927466,1.19894,4.20453,49.0675,0,0.12585,0.118109,0.107954,0.0528929,SUCCESS
62,rich,-449.141833640364,1.05206,3.72862,49.0224,0.0360797,0.121005,0.195596,0.0869224,0.0358663,SUCCESS
63,rich,-465.53782633995,1.19395,3.80502,52.0162,0.0501426,0.104048,0.0987814,0.139489,0.0702948,SUCCESS
64,rich,-469.819328288661,1.09614,4.09291,49.6231,0.0789337,0.0792725,0.204689,0.104802,0.0585705,SUCCESS
65,rich,-462.229764309862,1.251,4.09897,49.7703,0.0578752,0.108307,0.145971,0.0813723,0.0400413,SUCCESS
66,rich,-465.970402707464,1.04804,4.21505,52.6766,0.0574904,0.116822,0.195647,0.075366,0.0450863,SUCCESS
67,rich,-460.115841520931,1.01833,3.99966,47.6567,0.0272355,0.12886,0.143696,0.0859178,0.019371,SUCCESS
68,rich,-406.467866508472,1.16686,3.68485,48.1311,0.0751836,0.128357,0.122795,0.0589252,0.0344161,SUCCESS
69,rich,-484.482827841522,1.23401,4.06587,50.5133,0.0269876,0.120543,0.0937333,0.0645084,0.0361745,SUCCESS
70,rich,-437.286968366897,1.11212,3.74243,48.3823,0.0330334,0.126441,0.0994508,0.123599,0.0311735,SUCCESS
71,rich,-481.912227587468,1.15732,4.24281,51.5879,0.03999,0.119932,0.136379,0.0805876,0.031747,SUCCESS
72,rich,-499.152036088011,1.19428,4.22523,53.1778,0.076271,0.109214,0.0495929,0.0568921,0.0227067,SUCCESS
73,rich,-458.138511805627,1.31499,3.94185,54.663,0.0724949,0.108345,0.128584,0.0954705,0.0384168,SUCCESS
74,rich,-466.044160916283,1.18492,4.10063,50.3161,0.0552734,0.120651,0.121235,0.0759062,0.0201809,SUCCESS
75,rich,-447.738882939659,1.37578,4.09452,51.6163,0.0583975,0.118785,0.212839,0.0989869,0.0196202,SUCCESS
76,rich,-449.428953762589,1.13069,3.72272,50.5355,0.0808515,0.104281,0.152033,0.0649128,0.033157,SUCCESS
77,rich,-460.946999764701,1.04853,3.99078,52.3126,0.0646918,0.117011,0.108817,0.121852,0.0258652,SUCCESS
78,rich,-409.719344011611,1.21121,4.01813,49.0507,0.0460119,0.134816,0.222945,0.110105,0.0320529,SUCCESS
79,rich,-486.576256692429,1.33899,4.29439,53.1494,0.0498107,0.105859,0.285942,0.073775,0.0369591,SUCCESS
80,rich,-480.233804438629,1.28725,4.80874,53.4127,0.0506954,0.119075,0.150171,0.0797195,0.0467516,SUCCESS
81,rich,-445.757523617943,1.19289,4.32288,51.1793,0.0341128,0.133762,0.180732,0.0983792,0.0380337,SUCCESS
82,rich,-457.930988601122,1.12421,3.94343,49.838,0.0322896,0.127226,0.108474,0.0776611,0.0441854,SUCCESS
83,rich,-459.950648317329,1.12897,4.16446,50.8944,0.0565276,0.131503,0.0790302,0.0764743,0.0222299,SUCCESS
84,rich,-452.074852774859,1.29402,4.05275,49.6751,0.063228,0.108118,0.198777,0.0678691,0.036553,SUCCESS
85,rich,-469.531124723419,1.33514,4.41944,51.8795,0.0535256,0.119723,0.205565,0.0514848,0.0372667,SUCCESS
86,rich,-434.303056612854,1.16082,4.16472,48.8224,0.0151232,0.132087,0.195277,0.110065,0.0532985,SUCCESS
87,rich,-485.10045289004,1.23677,4.27958,56.4445,0.0621625,0.116986,0.0757634,0.0897501,0.0387703,SUCCESS
88,rich,-430.658940527108,1.06938,3.89914,48.8636,0.0391995,0.124638,0.188578,0.130328,0.0386166,SUCCESS
89,rich,-407.91133838781,1.19894,3.96031,45.7424,0.0680522,0.116541,0.138668,0.103293,0.0417143,SUCCESS
90,rich,-477.577965728277,1.21811,4.06143,54.9228,0.0295425,0.129371,0.195296,0.0924944,0.0231302,SUCCESS
91,rich,-472.022985558492,1.08999,3.90754,48.6618,0.0494189,0.100077,0.17868,0.119057,0.0417624,SUCCESS
92,rich,-423.709754064482,1.34774,3.64043,52.782,0.0347354,0.138696,0.149784,0.0680581,0.0373734,SUCCESS
93,rich,-521.433713119849,1.31266,4.18762,53.7091,0.0713293,0.0896072,0.0921333,0.0471251,0.0353166,SUCCESS
94,rich,-452.22123674338,1.2772,3.88773,50.941,0.0514499,0.114338,0.164048,0.0794849,0.045762,SUCCESS
95,rich,-463.534767763163,1.37049,4.11359,51.2533,0.00739858,0.126636,0.151454,0.109322,0.0335933,SUCCESS
96,rich,-473.992254119887,1.21596,4.11089,47.469,0.0696534,0.102806,0.125292,0.084237,0.0131794,SUCCESS
97,rich,-467.092405249915,1.29703,3.81178,51.7299,0.00160507,0.122818,0.153646,0.0937259,0.0373316,SUCCESS
98,rich,-461.350889616472,1.07767,3.84951,52.5653,0.0523354,0.121036,0.210514,0.11172,0.0179642,SUCCESS
99,rich,-484.473565605088,1.27162,4.2544,52.9958,0.0504945,0.117788,0.180898,0.0654717,0.0224055,SUCCESS
100,rich,-484.414809681787,1.20616,3.85624,55.8103,0.0159709,0.126216,0.251165,0.0821929,0.0239481,SUCCESS
1,sparse2,-77.4105251414944,0.592167,4.49305,29.9841,0.227613,0.078797,0.119098,2.60562e-06,7.68471e-13,SUCCESS
2,sparse2,-90.4356175794551,1.07343,4.19714,50.356,0.0385053,2.28954e-09,1.21995e-11,0.0937379,0.108263,SUCCESS
3,sparse2,-63.3206572166325,0.859998,4.2441,42.0679,0.0244306,0.0835487,0.00693876,0.109642,0.127442,SUCCESS
4,sparse2,-92.3958028806752,0.949438,3.82015,44.1504,0.000133559,1.43549e-21,1.10784e-20,0.0864467,0.0794305,ROUNDING
5,sparse2,-98.7554144796508,2.60108,2.93941,72.8217,0.152607,0.10648,3.28903e-10,0.0252131,0.0565478,SUCCESS
6,sparse2,-80.6644170107591,0.979631,3.93606,46.8958,0.0295633,0.0821101,0.00982921,0.14352,0.0587319,SUCCESS
7,sparse2,-92.0825135744096,0.855937,4.61705,43.6003,0.0422196,0.0422147,0.0518153,0.0875246,0.0507853,SUCCESS
8,sparse2,-88.1648499477539,0.604171,4.53178,34.703,0.0321801,0.0887141,0.0614597,0.0705076,0.0263038,SUCCESS
9,sparse2,-66.1788994520655,0.747566,4.05739,38.6685,0.0958735,0.0881731,0.0763285,0.0696443,0.0765909,SUCCESS
10,sparse2,-91.0835886300149,1.28284,3.78537,50.4376,0.0888995,0.0657741,0.0153579,0.0604509,0.0748241,SUCCESS
11,sparse2,-83.9189953607691,1.22281,3.75635,55.3547,7.07891e-14,2.81936e-05,0.0362694,0.16136,0.0914746,SUCCESS
12,sparse2,-83.9981038718309,0.625276,4.39342,31.514,0.127053,0.107988,0.121273,0.0262519,0.000306912,SUCCESS
13,sparse2,-76.3285248571301,1.2204,3.94891,48.5656,0.0685612,0.088076,0.0839935,0.0705442,0.0805552,SUCCESS
14,sparse2,-77.2980830839744,0.910001,4.3147,44.9383,0.171969,0.0754682,0.0608431,0.0433313,0.0594632,SUCCESS
15,sparse2,-85.7320198042518,2.30891,3.09737,78.8029,0.153781,0.197073,0.0323148,0.0575642,0.0382674,SUCCESS
16,sparse2,-92.8094307687719,0.715405,3.79203,35.4679,9.66014e-05,5.10373e-05,6.58103e-17,0.0494505,0.0852985,SUCCESS
17,sparse2,-88.1779434075185,1.15354,3.87778,51.1992,0.000733288,0.000251009,0.235339,0.135606,0.0116504,SUCCESS
18,sparse2,-98.5984904218857,2.0666,4.18047,64.2985,0.202801,0.0311541,0.426931,3.34868e-06,0.0106301,SUCCESS
19,sparse2,-91.7852590840063,0.964407,3.96948,45.382,0.16119,0.0345949,0.0689116,0.0235914,0.0488797,SUCCESS
20,sparse2,-94.1617744813217,3.4392,3.28241,73.7075,0.125574,0.127042,0.77351,0.0211911,0.0534032,SUCCESS
21,sparse2,-102.726889973004,1.50514,3.53043,53.9479,0.17538,0.0444913,1.45683e-06,6.93941e-07,0.054163,SUCCESS
22,sparse2,-66.1533880119996,0.951915,3.84703,38.78,0.000130446,6.17291e-05,0.559889,0.115365,2.57478e-10,ROUNDING
23,sparse2,-73.6288901976563,1.04067,3.9191,46.7867,0.261202,0.0496459,1.32162e-35,7.44554e-66,0.0565834,SUCCESS
24,sparse2,-66.4467527144752,0.732484,4.24839,35.1593,0.000211811,6.12807e-05,0.176633,0.0955076,0.0162682,SUCCESS
25,sparse2,-88.8815650020561,4.44823,3.39331,61.2531,0.0745467,0.0910471,1.07777,0.0488585,0.0618246,SUCCESS
26,sparse2,-96.9339670776707,3.17234,3.34372,70.9285,0.116599,0.0729928,0.287627,0.123922,0.0483176,SUCCESS
27,sparse2,-95.9435122947745,1.05948,3.98848,52.1559,0.118832,0.125784,4.03836e-09,0.0239734,0.0792828,ROUNDING
28,sparse2,-92.0800833599851,0.411258,4.30018,23.644,5.50474e-05,9.23144e-05,0.10928,0.0340592,0.00812695,SUCCESS
29,sparse2,-86.8641836982885,5.56893,3.30221,73.6976,0.139546,0.203367,0.00101066,0.0582734,0.0201342,SUCCESS
30,sparse2,-93.7192767262626,0.837028,4.22057,42.1214,6.78569e-05,1.05129e-06,0.0609563,0.0906767,0.0376128,SUCCESS
31,sparse2,-106.593412554105,1.31369,4.13616,47.6521,0.000106497,5.28051e-05,0.386905,0.0844971,3.35521e-08,ROUNDING
32,sparse2,-103.658047718038,0.843471,4.29222,43.1911,0.000160228,3.36458e-09,0.201104,0.0621431,7.10256e-18,SUCCESS
33,sparse2,-101.492280750709,1.50117,3.37776,65.0205,0.0912854,0.108952,0.0802021,0.0558006,0.0640868,SUCCESS
34,sparse2,-115.084506546385,1.57697,4.11198,56.9915,0.15554,0.102728,0.00426553,0.0089378,0.0243692,SUCCESS
35,sparse2,-90.4424828085009,1.2131,3.77812,54.7298,0.0330455,0.0659258,0.103749,0.113728,0.0497811,SUCCESS
36,sparse2,-70.1347251786916,1.48932,3.93866,56.9373,0.0983966,0.16516,0.0397161,0.0730967,0.0866321,SUCCESS
37,sparse2,-89.3429249053746,0.805642,4.45863,40.0071,0.0924398,0.0930482,0.159693,0.0489747,0.00156681,SUCCESS
38,sparse2,-80.392522098182,0.545322,3.98423,31.6935,0.000846939,0.000935771,0.0329826,0.0382199,0.14771,SUCCESS
39,sparse2,-95.1207194333345,2.47542,3.07466,72.3628,0.150975,0.0628543,0.390039,0.107935,0.0320681,SUCCESS
40,sparse2,-85.639597205813,1.22838,3.93084,50.8427,0.112108,8.71632e-09,3.48932e-14,0.0841618,0.081446,SUCCESS
41,sparse2,-107.362089722646,1.26259,4.35403,46.4255,0.000454778,2.05479e-08,0.47513,0.0611348,5.1587e-14,ROUNDING
42,sparse2,-97.9451267999309,0.794732,4.23375,39.6014,0.087321,0.0657598,0.115612,0.0297589,0.0297215,SUCCESS
43,sparse2,-99.419469192537,0.504491,4.39876,29.1056,0.000155922,4.46613e-05,6.96509e-10,0.0300602,0.116785,ROUNDING
44,sparse2,-94.5679358537323,0.905089,4.28412,42.0275,5.33129e-05,0.00010385,0.122356,0.0627177,0.0288915,SUCCESS
45,sparse2,-82.3348456802101,0.691558,4.14591,37.5984,0.102658,0.0239785,3.52902e-06,0.0554967,0.0997488,SUCCESS
46,sparse2,-101.16021599671,0.905456,4.1865,46.4266,0.0889796,9.52797e-08,0.0561474,0.0457804,0.0634902,SUCCESS
47,sparse2,-89.4025819382505,1.22683,3.69258,48.0219,0.212379,5.25902e-08,0.254834,1.98805e-10,1.62892e-58,SUCCESS
48,sparse2,-83.0625942796308,0.968035,3.87278,47.9331,0.0813661,0.133979,0.00814957,0.076137,0.0605759,SUCCESS
49,sparse2,-91.6069068329981,2.63784,3.59059,65.4952,0.108515,0.0728377,0.472866,0.129208,0.0265604,SUCCESS
50,sparse2,-82.5747501980516,1.00064,3.93889,46.6363,0.000137338,0.000104325,1.07055e-14,0.132758,0.0880836,SUCCESS
51,sparse2,-66.7416310533628,5.75629,3.12092,77.6481,0.129951,0.221214,0.0277562,0.0754673,0.0744443,SUCCESS
52,sparse2,-83.8249540382906,1.03101,4.12207,44.5986,0.0837257,0.0699982,3.41494e-11,0.0425401,0.118708,SUCCESS
53,sparse2,-82.9521039297948,0.842043,4.20017,43.7743,0.00016294,0.000656869,0.00350588,0.107509,0.102468,SUCCESS
54,sparse2,-93.2327528882372,1.22957,4.09572,43.831,3.55279e-05,2.88525e-05,0.351637,0.10334,9.91783e-12,ROUNDING
55,sparse2,-84.2504240120002,0.615706,4.14082,29.4095,3.5674e-05,6.30076e-05,0.102094,0.0375884,0.0358782,SUCCESS
56,sparse2,-105.728179936319,0.771912,3.99327,42.7136,0.000104072,4.46508e-05,0.211086,0.0532095,8.31993e-20,SUCCESS
57,sparse2,-108.394900312722,1.89088,3.72145,66.7107,8.73211e-05,5.37698e-05,5.08813e-15,0.186642,0.0678869,SUCCESS
58,sparse2,-80.6612009048854,0.772595,3.71654,42.4741,0.00702007,0.0222211,0.0360559,0.089445,0.0969335,SUCCESS
59,sparse2,-83.4491281099246,0.328233,4.38174,20.0984,0.000245065,0.000126515,0.109945,0.0339181,0.0383631,SUCCESS
60,sparse2,-76.8088826522364,0.929345,4.16495,46.2183,0.000367767,0.000415945,0.0554918,0.164565,0.0609559,SUCCESS
61,sparse2,-67.1001901340209,0.5452,4.30272,27.3288,0.186057,0.121575,0.0995674,0.0253308,0.00217963,SUCCESS
62,sparse2,-97.224337753354,1.04643,4.67198,47.4455,8.28687e-05,3.76133e-05,0.508155,0.0950248,3.65274e-12,ROUNDING
63,sparse2,-114.789172701869,0.887499,4.45379,43.2663,8.88374e-05,0.00011489,3.23325e-23,0.0524471,0.062003,SUCCESS
64,sparse2,-97.1297564821993,1.0755,4.17956,43.7054,7.34959e-05,7.84652e-05,0.463706,0.0654768,1.23671e-09,ROUNDING
65,sparse2,-96.8313556711573,0.789395,4.0837,43.6295,4.65524e-05,5.07614e-05,1.94768e-17,0.0797909,0.0906053,SUCCESS
66,sparse2,-73.6442835602721,0.571217,3.87375,33.1287,1.80422e-39,0.000212176,8.48431e-14,0.0719613,0.134112,ROUNDING
67,sparse2,-92.0609521945309,0.689565,4.38392,34.0391,0.236999,4.82261e-11,3.24962e-60,7.04104e-17,0.0326277,SUCCESS
68,sparse2,-85.4774216516295,1.34601,4.13572,55.4485,1.71092e-05,5.83197e-05,0.177084,0.116491,0.0608578,SUCCESS
69,sparse2,-76.8172480857393,0.915014,4.29308,46.1507,0.000259757,0.000461848,0.109633,0.157056,0.0398481,SUCCESS
70,sparse2,-80.0558317602395,0.57118,4.39365,34.152,4.53176e-06,1.33645e-07,0.0414748,0.0609166,0.110087,SUCCESS
71,sparse2,-110.909646339582,0.788045,4.03048,43.1384,0.000142604,5.55183e-11,0.202093,0.0475946,2.00728e-20,SUCCESS
72,sparse2,-115.415707541307,0.737055,4.0667,39.2123,8.64887e-05,2.50424e-09,1.8797e-15,0.0307085,0.090118,SUCCESS
73,sparse2,-85.9003451795922,0.888766,4.05961,43.9935,0.198692,0.0765714,4.13544e-12,8.14842e-17,0.0837268,SUCCESS
74,sparse2,-92.8860354416856,1.96166,3.03433,67.165,0.0316511,0.0525191,0.296561,0.116109,0.0710848,SUCCESS
75,sparse2,-117.176515463874,0.884649,3.97245,43.9827,0.170266,6.09604e-06,1.56024e-24,0.00132143,0.0412075,SUCCESS
76,sparse2,-88.0484300968226,1.00895,4.28025,50.5672,0.163071,0.0916776,2.7337e-14,0.01773,0.0980029,SUCCESS
77,sparse2,-100.343534608503,1.92481,3.95273,67.3066,0.000137198,0.000148557,0.129045,0.164132,0.0657626,SUCCESS
78,sparse2,-77.6652522426348,0.886708,4.19196,42.8599,0.000371934,0.000555991,0.210791,0.0956051,0.0209869,SUCCESS
79,sparse2,-82.4697333244456,0.646919,4.57796,33.1139,0.190179,0.0270185,0.190563,2.3061e-10,0.0197184,ROUNDING
80,sparse2,-91.3865790270314,0.836802,4.27493,39.1385,0.000147961,1.16031e-10,0.180539,0.071906,3.56118e-20,SUCCESS
81,sparse2,-78.319844177452,0.451439,4.07588,26.2549,0.000131291,9.56342e-05,1.14992e-15,0.0537701,0.107767,ROUNDING
82,sparse2,-77.6157371980162,0.684371,4.41165,37.818,0.181447,0.147924,0.118988,1.62252e-13,0.0413284,SUCCESS
83,sparse2,-93.4260432147007,0.592631,4.48086,31.793,0.174874,0.0966515,0.0341883,2.76584e-12,0.0536032,SUCCESS
84,sparse2,-111.350536341118,0.406469,4.72556,25.1201,0.156316,0.0667945,0.0880345,7.70667e-13,3.8794e-130,SUCCESS
85,sparse2,-106.668288336904,1.26282,4.28523,57.168,0.147738,0.0865524,6.57383e-10,7.24651e-15,0.0832098,SUCCESS
86,sparse2,-86.718208516532,0.561893,4.12941,31.0321,0.0002453,6.6641e-11,7.36106e-18,0.0693687,0.073977,SUCCESS
87,sparse2,-102.285446054921,2.13176,3.85211,66.3998,0.0531812,0.0805182,4.87638e-15,0.143677,0.058003,SUCCESS
88,sparse2,-82.7603493680143,0.746268,3.97276,38.8618,0.0278932,0.0558303,4.32245e-05,0.0648066,0.106491,SUCCESS
89,sparse2,-89.1297299579361,1.28075,3.17823,58.0344,0.183501,0.0903865,2.71085e-10,1.39391e-11,0.0798835,SUCCESS
90,sparse2,-78.6710945483961,4.29798,2.86344,68.6879,0.16915,0.0688832,1.01259,1.21965e-07,0.0977853,SUCCESS
91,sparse2,-96.2789847748903,0.562825,4.58445,32.2352,0.0546043,0.0975465,0.085496,0.0495397,1.46905e-08,SUCCESS
92,sparse2,-84.7248008223905,1.7036,3.96867,56.7564,0.000512359,0.000596046,0.192976,0.135535,0.0517723,SUCCESS
93,sparse2,-93.919977822286,0.888008,4.385,47.2159,0.141001,0.0739881,0.0057673,0.0400822,0.0711623,SUCCESS
94,sparse2,-76.8406057562961,1.36707,3.66058,53.9315,0.0846279,0.103041,5.75725e-08,0.121703,0.0762422,ROUNDING
95,sparse2,-112.715887342056,1.50842,4.06564,54.4188,0.157997,0.0620432,2.36031e-13,5.01538e-10,0.047224,SUCCESS
96,sparse2,-93.9420582975376,0.821052,3.9117,42.6057,0.000103488,1.02008e-09,7.06601e-16,0.0685139,0.101037,SUCCESS
97,sparse2,-64.4467845833586,2.59441,3.55724,63.6205,0.22103,0.145003,0.00773248,0.0833409,0.0435221,SUCCESS
98,sparse2,-81.6246519351748,1.29847,4.32874,48.5111,0.000145631,0.000161417,0.0203992,0.137008,0.0699381,SUCCESS
99,sparse2,-95.0801839271157,0.677167,4.14652,34.0918,0.00926286,0.00805103,0.0730574,0.0447895,0.0365182,SUCCESS
100,sparse2,-97.6755466858999,0.251754,4.52121,16.953,0.152985,0.171709,0.00161213,0.024243,0.000132476,SUCCESS
1,sparse3,-162.319462860173,1.2418,3.95754,49.6522,0.0909952,0.120458,0.0762857,0.0522254,0.0240658,SUCCESS
2,sparse3,-134.961444195408,1.015,3.92855,52.7045,0.0699172,0.167011,0.198457,0.099614,0.0169316,SUCCESS
3,sparse3,-166.008932054914,1.12735,3.43135,52.7443,0.011428,0.0860408,0.131769,0.0739959,0.0455404,SUCCESS
4,sparse3,-157.753947135621,1.16751,4.04094,49.1854,0.0062817,0.124165,0.06793,0.12145,0.0300902,SUCCESS
5,sparse3,-150.971368933337,0.999993,3.73354,49.4182,0.0217088,0.086192,0.2055,0.0931436,0.0413126,SUCCESS
6,sparse3,-168.345473390727,1.20324,4.37643,52.6102,0.0699669,0.161727,2.35499e-05,0.0500769,0.0323833,SUCCESS
7,sparse3,-161.037213193962,0.949383,3.8011,48.765,0.0105228,0.125363,0.0690725,0.0877068,0.0298761,SUCCESS
8,sparse3,-155.465878218263,1.14801,3.82713,48.0501,0.0219442,0.0630915,0.096647,0.131702,0.0639203,SUCCESS
9,sparse3,-149.771900567254,1.20943,3.73841,49.5823,0.0107209,0.124697,0.212018,0.106321,0.0137863,SUCCESS
10,sparse3,-158.234465220835,1.42752,3.95256,52.4218,0.0478555,0.077351,0.23805,0.0923431,0.0397957,SUCCESS
11,sparse3,-150.289129629456,1.05442,3.77464,51.4764,0.011145,0.1423,9.42926e-05,0.0997784,0.0690729,SUCCESS
12,sparse3,-177.865397182119,1.12727,3.87257,51.4137,5.05298e-05,1.47989e-09,0.263568,0.0642768,0.0599235,ROUNDING
13,sparse3,-146.189266682107,0.995249,4.12249,48.0237,0.0346002,0.115961,0.135227,0.100676,0.0487328,SUCCESS
14,sparse3,-174.834490526093,1.11053,4.57875,50.7949,1.09055e-09,0.136525,6.70554e-12,0.0980399,0.0541061,SUCCESS
15,sparse3,-158.116924750954,1.09072,3.87637,48.1652,0.083331,0.121966,0.0773671,0.0285814,0.0496925,SUCCESS
16,sparse3,-145.524225552349,1.06439,4.12291,48.8347,0.0314502,0.102563,0.214822,0.0946354,0.0488513,SUCCESS
17,sparse3,-149.67210381577,1.16432,4.14011,50.3429,0.0419829,0.0916987,0.230571,0.0923129,0.04733,SUCCESS
18,sparse3,-142.054317106225,1.21994,4.22173,49.248,0.0321301,0.146466,0.136434,0.0794261,0.0407378,SUCCESS
19,sparse3,-169.047621405335,1.15728,4.33344,51.0887,7.20385e-12,0.122528,4.05072e-07,0.121206,0.0575645,SUCCESS
20,sparse3,-167.282906275072,1.2598,3.88007,50.2073,0.045636,0.114499,0.0700326,0.0524837,0.0427425,SUCCESS
21,sparse3,-161.820751369573,1.09935,3.90713,44.726,0.00783757,0.0984739,0.207991,0.0839902,0.0149897,SUCCESS
22,sparse3,-141.695537215359,1.42775,3.92158,51.2696,0.0892639,2.3681e-11,0.374561,0.0830075,0.0647145,SUCCESS
23,sparse3,-156.076925987119,1.2172,3.84145,50.9,0.0644153,0.0321521,0.424831,0.0590171,0.0557903,SUCCESS
24,sparse3,-149.810070846514,1.05793,3.89483,49.0214,0.0404741,0.138756,0.0636834,0.0818105,0.0391919,SUCCESS
25,sparse3,-164.361804701316,1.28533,4.11908,50.8221,0.0757342,0.143895,0.0370706,0.0492944,0.0273179,SUCCESS
26,sparse3,-175.639664874871,1.44867,4.32811,48.4848,3.43233e-05,2.74001e-05,0.324713,0.0926158,0.0490175,SUCCESS
27,sparse3,-156.350606485581,1.19352,4.01612,52.3403,0.0335626,0.135053,0.0503872,0.108249,0.0379595,SUCCESS
28,sparse3,-188.517066570209,0.98133,4.06744,48.5066,0.0279572,0.125202,0.0471953,0.0607633,0.0161039,SUCCESS
29,sparse3,-158.496281358847,1.12971,4.30454,52.1603,0.0345415,0.138151,0.0251987,0.13507,0.0378125,SUCCESS
30,sparse3,-142.456242654261,1.28851,4.07709,52.9014,0.0132049,0.0919726,0.282484,0.0895451,0.071769,SUCCESS
31,sparse3,-149.50460080052,1.13365,3.98046,48.0596,0.0639787,0.146383,0.0116744,0.115422,0.0273434,SUCCESS
32,sparse3,-162.353475088418,1.09197,4.0807,50.4315,0.0441183,0.0993984,0.156146,0.0742264,0.0374735,SUCCESS
33,sparse3,-175.481470626456,1.04855,4.02956,47.2599,0.00283778,0.0541934,0.123781,0.127315,0.0327187,SUCCESS
34,sparse3,-178.703398069945,1.08623,3.96537,46.937,0.0726248,0.0710759,0.107181,0.0394836,0.0351636,SUCCESS
35,sparse3,-159.713271631576,0.984653,3.94001,50.2927,0.0319591,0.173716,2.01426e-52,0.0634485,0.0314041,SUCCESS
36,sparse3,-153.663162919895,1.13848,4.05972,47.917,0.0189482,0.0978145,0.209582,0.0947727,0.0326467,SUCCESS
37,sparse3,-136.367737911084,1.21057,4.05404,49.3122,0.00441042,0.125523,0.211137,0.106507,0.0453417,SUCCESS
38,sparse3,-160.317373939696,1.03895,4.13956,52.3266,0.0191198,0.109356,0.139635,0.110951,0.0386588,SUCCESS
39,sparse3,-146.381092724826,1.13335,3.57427,48.3095,0.0435527,0.123338,0.09412,0.0751473,0.0366785,SUCCESS
40,sparse3,-166.528643112923,1.37956,4.36954,55.3158,0.109685,0.148115,0.0449679,0.015149,0.0387476,SUCCESS
41,sparse3,-152.369720521755,1.20208,3.65286,49.1992,0.0967199,0.0836597,0.240534,0.0352257,0.0370136,SUCCESS
42,sparse3,-170.837501285474,1.32404,4.17215,49.8992,0.00991863,0.106556,0.0694808,0.0722025,0.0479383,SUCCESS
43,sparse3,-163.443791139095,1.36143,4.29689,53.3855,0.0694685,0.0821536,0.273307,0.0792407,0.0321381,SUCCESS
44,sparse3,-149.627911208158,1.16232,3.85467,51.9046,0.0797113,0.115547,0.144178,0.0988234,0.0248337,SUCCESS
45,sparse3,-152.68557758859,1.39057,4.23697,47.8289,0.000873702,0.0662858,0.202493,0.110004,0.062685,SUCCESS
46,sparse3,-146.104685106458,1.30313,3.65762,48.3382,0.0116682,0.0797734,0.370877,0.0899821,0.0336311,SUCCESS
47,sparse3,-135.782799888744,1.09649,4.0501,46.8417,0.00916343,0.108506,0.249667,0.131956,0.0349646,SUCCESS
48,sparse3,-150.694527727274,1.26832,3.81294,51.7672,0.0320069,0.118306,0.295018,0.0876473,0.0206639,SUCCESS
49,sparse3,-161.146100763081,1.17948,3.57249,47.0691,0.01621,0.069087,0.309201,0.0617586,0.0286656,SUCCESS
50,sparse3,-164.865188370751,1.05892,4.36866,52.5979,0.0284406,0.100539,0.135295,0.109249,0.045712,SUCCESS
51,sparse3,-146.716939091953,1.09994,4.10372,50.6323,0.0194284,0.143677,0.0462937,0.12213,0.0404805,SUCCESS
52,sparse3,-167.612753045244,1.08163,4.32119,49.0487,0.0105894,0.116903,0.115733,0.0637057,0.0401017,SUCCESS
53,sparse3,-141.652185630649,1.24466,3.93616,50.4871,0.103147,0.06837,0.138645,0.0882848,0.0559043,SUCCESS
54,sparse3,-169.835457482504,1.16139,4.50152,53.4156,0.116229,0.10984,0.0787127,0.0151475,0.0490477,SUCCESS
55,sparse3,-150.673445829784,1.09352,4.1269,49.3764,0.037174,0.0988238,0.141958,0.112966,0.0506956,SUCCESS
56,sparse3,-160.454402210536,1.79371,4.29349,54.1103,0.0043834,0.0509645,0.547257,0.0961941,0.0626937,SUCCESS
57,sparse3,-174.466851627177,1.25581,4.07668,51.6961,0.0598096,0.10706,0.247505,0.0345908,0.0245933,SUCCESS
58,sparse3,-154.037234144994,1.22165,3.93228,51.4683,0.0844922,0.15557,0.00854859,0.0574829,0.0330607,SUCCESS
59,sparse3,-125.732106831414,1.37923,3.85743,46.9029,0.012774,0.093687,0.251035,0.101625,0.0691152,SUCCESS
60,sparse3,-146.656376200875,1.22109,4.13875,50.2362,0.0607618,0.12188,0.263464,0.0847079,0.0247922,SUCCESS
61,sparse3,-168.066297811757,1.28257,3.89137,54.7425,0.13129,2.01734e-10,0.0885635,0.0333716,0.0551309,SUCCESS
62,sparse3,-158.074734288008,1.32281,4.3632,51.7105,0.0378394,0.0402941,0.293518,0.106491,0.0720914,SUCCESS
63,sparse3,-160.706291930763,0.986452,3.86244,50.5556,0.0640541,0.124852,0.182667,0.0992592,0.00649864,SUCCESS
64,sparse3,-152.048111610234,1.00708,4.34428,48.4216,0.0246866,0.161421,0.153093,0.0508535,0.0329617,SUCCESS
65,sparse3,-153.188982176956,1.23473,3.8184,51.6965,0.0361243,0.0826977,0.153654,0.106709,0.0518366,SUCCESS
66,sparse3,-151.086762732537,1.14565,4.18752,54.4857,0.0207214,0.146946,0.151214,0.106458,0.0293789,SUCCESS
67,sparse3,-153.766034177262,0.949807,4.09516,43.7668,0.0218609,0.106801,0.285828,0.0653767,0.0233757,SUCCESS
68,sparse3,-171.554988404994,1.25849,4.36119,49.6471,0.0219003,0.160363,0.0043261,0.0855521,0.0167955,SUCCESS
69,sparse3,-172.61444406735,0.960734,4.01869,50.7213,0.0114217,0.108778,0.0897075,0.0792174,0.0352525,SUCCESS
70,sparse3,-172.12798488688,1.23286,3.78662,55.0821,0.117403,0.0684614,0.123886,0.0444009,0.0283822,SUCCESS
71,sparse3,-148.678600851143,1.08206,3.97013,49.1378,0.0180219,0.15117,0.128209,0.083693,0.0212422,SUCCESS
72,sparse3,-172.636007063237,1.07938,3.95047,50.6542,0.0990721,0.106203,0.138543,0.0722895,0.0048055,SUCCESS
73,sparse3,-161.254229408027,1.25221,3.93443,51.2771,0.0171335,0.080765,0.233587,0.0563086,0.0595674,SUCCESS
74,sparse3,-162.507161739501,0.947712,4.20551,50.7911,0.0795413,0.12496,0.0412737,0.0606287,0.0526569,SUCCESS
75,sparse3,-175.130712322578,1.11716,4.76992,52.4835,0.0444134,0.135214,0.137993,0.0397161,0.0453602,SUCCESS
76,sparse3,-129.40594382927,1.17565,3.41168,50.8662,0.198226,0.101556,9.57608e-13,0.0154102,0.0497167,SUCCESS
77,sparse3,-193.730231856849,1.30994,3.95429,52.5706,5.46842e-05,5.97212e-05,0.220853,0.0756036,0.0396064,SUCCESS
78,sparse3,-151.069599487104,1.023,4.12653,50.1066,0.0182388,0.123012,0.188544,0.107152,0.030554,SUCCESS
79,sparse3,-149.014158672335,1.23181,4.5437,47.993,0.0389504,0.12151,0.47696,0.0742362,0.0253355,SUCCESS
80,sparse3,-167.753454760914,1.1645,4.48749,51.0468,0.0538972,0.163127,8.8526e-09,0.0771023,0.0257722,SUCCESS
81,sparse3,-143.599781042245,1.12224,4.39519,48.1318,0.00177738,0.139446,0.135952,0.120884,0.0407438,SUCCESS
82,sparse3,-171.601936543419,1.04588,4.35286,48.876,0.0223688,0.150823,0.0328653,0.0898826,0.0189167,SUCCESS
83,sparse3,-166.98065108792,1.44347,3.74498,55.4174,0.0738762,0.0919094,0.164631,0.061059,0.0356833,SUCCESS
84,sparse3,-145.618439150212,1.18697,3.55801,51.115,0.150119,0.0850176,0.0639706,0.0453128,0.0381445,SUCCESS
85,sparse3,-165.40842102257,1.32062,3.98533,49.9455,0.000728689,0.0857423,0.132415,0.0973996,0.0416924,SUCCESS
86,sparse3,-156.680978521558,1.17169,3.84643,49.7272,0.0408272,0.140105,0.0800949,0.0444796,0.0445771,SUCCESS
87,sparse3,-173.08318766727,1.11897,4.42494,51.9716,0.0105119,0.121621,0.0853709,0.0897402,0.0344651,SUCCESS
88,sparse3,-164.349757359866,0.931319,4.0724,49.991,0.0049801,0.110961,0.167091,0.0995031,0.0283569,SUCCESS
89,sparse3,-170.248201350063,1.09318,3.90945,48.4959,0.0438786,0.0445529,0.250786,0.0739771,0.0336608,SUCCESS
90,sparse3,-164.537557289806,1.20274,3.92878,47.7497,9.96857e-06,9.55031e-06,0.504027,0.107198,0.0524921,SUCCESS
91,sparse3,-177.099608496492,1.41183,3.95422,56.4295,0.0236107,0.0607841,0.125346,0.0985335,0.0622243,SUCCESS
92,sparse3,-143.961439672544,1.11711,4.13985,49.5781,0.0526814,0.154165,3.93069e-11,0.105853,0.0514846,SUCCESS
93,sparse3,-161.078351940577,1.09924,4.20796,47.2452,0.0200507,0.101983,0.0966039,0.0983813,0.0370616,SUCCESS
94,sparse3,-157.947339938775,1.06549,3.88344,46.1025,0.12539,0.125551,0.120046,0.0232679,0.010065,SUCCESS
95,sparse3,-158.823862235743,1.06041,4.42777,52.6297,0.00157706,0.134397,0.154119,0.156699,0.0184584,SUCCESS
96,sparse3,-155.611014211874,1.05903,4.06176,50.2443,0.0173415,0.122553,0.0946645,0.0924855,0.043381,SUCCESS
97,sparse3,-167.360855047033,1.2858,4.87024,52.4604,0.00656264,0.131297,0.147424,0.114119,0.0262593,SUCCESS
98,sparse3,-140.714414259425,1.21135,4.21396,49.5664,0.0271545,0.126919,0.302577,0.0679097,0.0482055,SUCCESS
99,sparse3,-174.593944326509,1.1963,4.39506,52.191,0.0191583,0.090164,0.192517,0.0677382,0.0454555,SUCCESS
100,sparse3,-160.179637005546,1.30712,4.1214,51.3069,0.018087,0.14932,0.0479581,0.0743062,0.0311787,SUCCESS
