"OutName","Parent","EstMethod","Formula","Minimize","Reason","OFV","SE","Parameter","Theta","FixedTheta","Eta","Eps","OffDiagOmega","nDV","AICc","NextSib","FirstKid","LastKid","LOrder","Depth","Pos"
"100base","","FOCEI","BASE",TRUE,"SUCCESS",685.525192722714,TRUE,7,4,0,2,1,"1/1",155,700.287097484619,"110des","100bayes","107wtv",0,0,7.5
"100bayes","100base",,"",FALSE,"UNREADABLE",,FALSE,,,,,,"",,,"100foce","","",1,1,0
"100foce","100base","FOCEI","BASE",TRUE,"SUCCESS",685.525192744795,TRUE,7,4,0,2,1,"1/1",155,700.2870975067,"100imp","","",2,1,1
"100imp","100base",,"BASE",FALSE,"UNREADABLE",,FALSE,,,,,,"",,,"100its","","",3,1,2
"100its","100base",,"BASE",FALSE,"UNREADABLE",,FALSE,,,,,,"",,,"100saem","","",4,1,3
"100saem","100base",,"BASE",FALSE,"UNREADABLE",,FALSE,,,,,,"",,,"101diag","","",5,1,4
"101diag","100base","FOCEI","BASE",TRUE,"SUCCESS",725.571890737342,TRUE,6,4,0,2,1,"0/1",155,738.13945830491,"102sig","","",6,1,5
"102sig","100base","FOCEI","BASE",TRUE,"SUCCESS",685.5251926923,TRUE,7,2,0,2,3,"3/1",155,700.287097454204,"103mats","","",7,1,6
"103mats","100base","FOCEI","BASE",TRUE,"SUCCESS",685.525192722714,TRUE,7,4,0,2,1,"1/1",155,700.287097484619,"104matr","","",8,1,7
"104matr","100base","FOCEI","BASE",TRUE,"SUCCESS",685.525192722714,TRUE,7,4,0,2,1,"1/1",155,700.287097484619,"105start","","",9,1,8
"105start","100base","FOCEI","BASE",TRUE,"SUCCESS",685.525200826172,TRUE,7,4,0,2,1,"1/1",155,700.287105588077,"106wtcl","","",10,1,9
"106wtcl","100base","FOCEI","CL~WT",TRUE,"SUCCESS",671.739681060531,TRUE,8,5,0,2,1,"1/1",155,688.725982430394,"107wtv","108wt","108wt",11,1,12
"107wtv","100base","FOCEI","V~WT",TRUE,"SUCCESS",626.581152314549,TRUE,8,5,0,2,1,"1/1",155,643.567453684412,"","","",18,1,15
"108wt","106wtcl","FOCEI","CL~WT,V~WT",TRUE,"SUCCESS",581.439354128651,TRUE,9,6,0,2,1,"1/1",155,600.680733438996,"","108wtcr","109sex",12,2,12
"108wtcr","108wt","FOCEI","CL~WT+CREA,V~WT",TRUE,"SUCCESS",580.015376122575,TRUE,10,7,0,2,1,"1/1",155,601.543153900353,"108wts","","",13,3,10
"108wts","108wt","FOCEI","CL~WT,V~WT(FIX1)",TRUE,"SUCCESS",583.252568222851,TRUE,8,6,1,2,1,"1/1",155,600.238869592714,"108wtsim","","",14,3,11
"108wtsim","108wt",,"CL~WT,V~WT",FALSE,"NOESTIMATION",,FALSE,,,,,,"",,,"108wtx","","",15,3,12
"108wtx","108wt","FOCEI","CL~WT(FIX0.75),V~WT(FIX1)",TRUE,"SUCCESS",591.346019105254,TRUE,7,6,2,2,1,"1/1",155,606.107923867159,"109sex","","",16,3,13
"109sex","108wt","FOCEI","CL~WT+SEX,V~WT",TRUE,"SUCCESS",580.031585150609,TRUE,10,7,0,2,1,"1/1",155,601.559362928387,"","","",17,3,14
"110des","","FOCEI","",TRUE,"SUCCESS",121.46606596131,TRUE,8,5,0,3,1,"0/3",120,138.763363258607,"110ka","","",19,0,16
"110ka","","FOCEI","BASE",TRUE,"SUCCESS",121.466066093485,TRUE,8,5,0,3,1,"0/3",120,138.763363390783,"120base","110kax","113blk",20,0,18.5
"110kax","110ka","FOCEI","BASE",TRUE,"SUCCESS",115.483550654242,TRUE,8,5,0,3,1,"0/3",120,132.780847951539,"111lag","","",21,1,17
"111lag","110ka","FOCEI","BASE",TRUE,"SUCCESS",82.2024084097698,TRUE,9,6,0,3,1,"0/3",120,101.838772046133,"112zo","","",22,1,18
"112zo","110ka","FOCEI","BASE",TRUE,"HOWEVER",79.6558053866693,TRUE,8,5,0,3,1,"0/3",120,96.9531026839666,"113blk","","",23,1,19
"113blk","110ka","FOCEI","BASE",TRUE,"HOWEVER",110.168863695623,FALSE,11,5,0,3,1,"3/3",120,134.613308140068,"","","",24,1,20
"120add","120base","FOCEI","BASE",TRUE,"SUCCESS",-2252.68613960982,TRUE,7,4,0,3,1,"0/3",1260,-2238.59668274081,"120prop","","",26,1,21
"120base","","FOCEI","BASE",TRUE,"SUCCESS",-2368.86544190952,TRUE,8,5,0,3,1,"0/3",1260,-2352.75033399585,"cnt100","120add","124etaeps",25,0,23
"120prop","120base","FOCEI","BASE",TRUE,"SUCCESS",-2102.32180417084,TRUE,7,4,0,3,1,"0/3",1260,-2088.23234730183,"121iov","","",27,1,22
"121iov","120base","FOCEI","BASE",TRUE,"SUCCESS",-2717.6649168836,TRUE,10,5,4,9,1,"0/36",1260,-2697.48877597087,"122mix","","",28,1,23
"122mix","120base","FOCEI","BASE",TRUE,"SUCCESS",-2389.97841060809,TRUE,10,7,0,3,1,"0/3",1260,-2369.80226969535,"124etaeps","123mixiov","123mixiov",29,1,24
"123mixiov","122mix","FOCEI","BASE",TRUE,"SUCCESS",-2739.20051152596,TRUE,12,7,4,9,1,"0/36",1260,-2714.9503110448,"","","",30,2,24
"124etaeps","120base","FOCEI","BASE",TRUE,"SUCCESS",-2373.39614990356,TRUE,9,5,0,4,1,"0/6",1260,-2355.25214990356,"","","",31,1,25
"cnt100","","L","BASE",TRUE,"SUCCESS",6808.61410644228,TRUE,4,3,0,1,1,"0/0",1200,6816.64757924563,"pd100x","cnt101","cnt101",32,0,26
"cnt101","cnt100","L","BASE",TRUE,"SUCCESS",6196.63301559297,TRUE,5,4,0,1,1,"0/0",1200,6206.68326684925,"","cnt102","cnt102",33,1,26
"cnt102","cnt101","L","BASE",TRUE,"SUCCESS",6210.41333467178,TRUE,3,2,0,1,1,"0/0",1200,6216.43340156141,"","","",34,2,26
"pd100","pd100x","FOCEI","BASE",TRUE,"HOWEVER",293.862830961013,TRUE,15,10,0,5,1,"0/10",1920,324.114931801349,"","pd100sim","pd103",36,1,28.5
"pd100sim","pd100",,"BASE",FALSE,"NOESTIMATION",,FALSE,,,,,,"",,,"pd101","","",37,2,27
"pd100x","","FOCEI","BASE",TRUE,"HOWEVER",299.459422284625,TRUE,15,10,0,5,1,"0/10",1920,329.711523124961,"pd200ord","pd100","pd100",35,0,28.5
"pd101","pd100","FOCEI","BASE",TRUE,"SUCCESS",46.4450841514623,TRUE,15,10,0,5,1,"0/10",1560,76.7559649804779,"pd102","pd101b","pd101b",38,2,28
"pd101b","pd101","FOCEI","BASE",TRUE,"HOWEVER",215.455881679732,TRUE,15,10,0,5,1,"0/10",520,246.408262632113,"","","",39,3,28
"pd102","pd100","FOCEI","LB=logit(BSL",TRUE,"SUCCESS",356.511674385985,TRUE,13,9,0,4,1,"0/6",1760,382.72015090374,"pd103","","",40,2,29
"pd103","pd100","FOCEI","BASE",TRUE,"SUCCESS",299.798014500362,TRUE,15,10,0,5,1,"0/10",1920,330.050115340698,"","","",41,2,30
"pd200ord","","L","BASE",TRUE,"SUCCESS",1697.73401895275,TRUE,7,6,0,1,1,"0/0",1440,1711.81223124325,"ped100","","",42,0,31
"ped100","","FOCEI","",TRUE,"HOWEVER",223.794455820621,FALSE,6,4,0,2,1,"0/1",543,235.951172238532,"ped103","ped101","ped102",43,0,32.5
"ped101","ped100","FOCEI","C",TRUE,"SUCCESS",2.46979735787034,TRUE,8,6,0,2,1,"0/1",543,18.7394602792187,"ped102","ped103x","ped103x",44,1,32
"ped102","ped100","FOCEI","",TRUE,"SUCCESS",78.1129365246501,TRUE,7,5,0,2,1,"0/1",543,92.3222823190427,"","","",46,1,33
"ped103","","FOCEI","",TRUE,"SUCCESS",-304.983064950674,TRUE,7,5,0,2,1,"0/1",78,-289.383064950674,"ped104","","",47,0,34
"ped103x","ped101","FOCEI","CL~WT+PMA,V",TRUE,"SUCCESS",17.9607229530904,TRUE,7,5,0,2,1,"0/1",78,33.5607229530904,"","","",45,2,32
"ped104","","FOCEI","",TRUE,"SUCCESS",-19.4381078841199,TRUE,8,6,0,2,1,"0/1",465,-3.12231841043572,"tg100","","",48,0,35
"tg100","","FOCEI","BASE",TRUE,"SUCCESS",2076.54257944086,TRUE,4,3,0,1,1,"0/0",173,2084.78067467896,"tte100","tg101","tg104",49,0,38.5
"tg101","tg100","FOCEI","BASE",TRUE,"SUCCESS",1729.81135595019,TRUE,6,4,0,2,1,"0/1",173,1742.31738004657,"tg102","","",50,1,36
"tg102","tg100","FOCEI","BASE",TRUE,"HOWEVER",1734.65999141774,TRUE,6,4,0,2,1,"0/1",173,1747.16601551413,"tg103","tg102b","tg105",51,1,38.25
"tg102b","tg102","FOCEI","BASE",TRUE,"SUCCESS",1687.22755760649,TRUE,7,4,0,2,1,"1/1",173,1701.90634548527,"tg105","tg102bsim","tg106",52,2,37.5
"tg102bsim","tg102b",,"BASE",FALSE,"NOESTIMATION",,FALSE,,,,,,"",,,"tg106","","",53,3,37
"tg103","tg100","FOCEI","BASE",TRUE,"SUCCESS",1721.60242888922,TRUE,5,4,0,1,1,"0/0",173,1731.96171032634,"tg104","tg103x","tg103x",57,1,40
"tg103x","tg103","FOCEI","BASE",TRUE,"SUCCESS",1701.9592862327,TRUE,7,5,0,2,1,"0/1",173,1716.63807411149,"","","",58,2,40
"tg104","tg100","FOCEI","BASE",TRUE,"HOWEVER",1721.50801433003,TRUE,7,5,0,2,1,"0/1",173,1736.18680220881,"","","",59,1,41
"tg105","tg102","FOCEI","BETA~ALPHA",TRUE,"SUCCESS",1704.47331020438,TRUE,5,4,0,1,1,"0/0",173,1714.8325916415,"","","",56,2,39
"tg106","tg102b","FOCEI","BASE",TRUE,"SUCCESS",3112.89405863415,TRUE,7,4,0,2,1,"1/1",320,3127.25303299312,"","tg107","tg107",54,3,38
"tg107","tg106","FOCEI","ALPHA~GRP",TRUE,"SUCCESS",3008.82306509901,TRUE,8,5,0,2,1,"1/1",320,3025.28608760704,"","","",55,4,38
"tte100","","L","BASE",TRUE,"SUCCESS",1297.01578954216,TRUE,2,2,0,1,1,"-1/0",300,1301.05619358257,"wf100","tte101","tte101",60,0,42
"tte101","tte100","L","BASE",TRUE,"SUCCESS",1253.11548125348,TRUE,3,3,0,1,1,"-1/0",300,1259.19656233456,"","tte102","tte102",61,1,42
"tte102","tte101","L","H~CAVG",TRUE,"SUCCESS",1245.41019296293,TRUE,3,3,0,1,1,"-1/0",300,1251.49127404401,"","","",62,2,42
"wf100","","FOCEI","BASE",TRUE,"SUCCESS",246.263812314567,TRUE,7,4,0,3,1,"0/3",360,260.581994132748,"wf200","wf201","wf201",63,0,43
"wf200","","FOCEI","",TRUE,"SUCCESS",1787.84567075819,TRUE,7,4,0,3,1,"0/3",360,1802.16385257637,"wf202","","",66,0,44
"wf201","wf100","FOCEI","BASE",TRUE,"SUCCESS",2034.60430264918,TRUE,14,8,0,6,1,"0/15",720,2063.20004733003,"","wf201sim","wf201sim",64,1,43
"wf201sim","wf201",,"BASE",FALSE,"NOESTIMATION",,FALSE,,,,,,"",,,"","","",65,2,43
"wf202","","FOCEI","",TRUE,"HOWEVER",2336.94747634573,TRUE,14,8,0,6,1,"0/15",720,2365.54322102658,"wf203","","",67,0,45
"wf203","","FOCEI","",TRUE,"SUCCESS",2185.59945846019,TRUE,15,9,0,6,1,"0/15",720,2216.28127664201,"","","",68,0,46
